review_id,star_filter,rating,title,body,author,date_raw,verified_purchase,helpful
R19LZ3X2FR4V7X,four_star,4.0,Very Good tone,Good product and the size is massive it lasts for a long time,Stephanie,Reviewed in the United Kingdom on 6 June 2026,True,
RONQ7CFJ5AG5A,four_star,4.0,Worth the price,It does make my skin feel soft after using but haven't noticed any real changes to my skin after 3 weeks of using.,Buyer,Reviewed in the United Kingdom on 16 December 2025,True,One person found this helpful
R11YWKE4EN5IFW,four_star,4.0,Great for skin barrier,"Didn’t burn and it’s doing good for my skin barrier, the size also makes the purchase so worth it, would definitely be buying again",Rowina Agbandje,Reviewed in the United Kingdom on 20 October 2025,True,One person found this helpful
RCIZENNLFL0QW,four_star,4.0,Very moisturizing,So far this has been great. I have super sensitive skin from and autoimmune disease flare up and this has helped heal my skin.,reader985,Reviewed in the United States on 31 May 2026,True,
R3691TLXZZCPIW,four_star,4.0,"Hydrating, calming and refreshing!","I have really been enjoying this toner! For starters the size of the bottle is huge and the price is just right for a milky toner that is packed with ceramides, Centella Asiatica, panthenol, and more. I love how hydrating and calming this toner is, and it's great for morning use when prepping your skin for makeup. I've also been using this on my body after getting out of the shower before putting on any lotion. It helps to seal in the hydration. I definitely recommend giving this one a try!",Emilie Nerl,Reviewed in the United States on 3 April 2026,True,
R39AF3ZZZRJK6D,four_star,4.0,Epitome of Glass Skin,"This milky toner lives up to its hype! This 500ml bottle of toner will literally last you forever and the hydration is unreal. This reminds me of a milky rice toner which is why the name is perfect. If you’re looking for a hydrating milky toner that will last you a long time, this is the one!!!",Kaitlyn,Reviewed in the United States on 26 March 2026,True,
R2E9XRZA28HYSX,four_star,4.0,Ist ganz nett,"Ich mag ihn sehr gerne, ob ich nach kaufe das weiß ich nicht ist flüssig. Ich merk keinen Unterschied zu vorher, wo ich ihn nicht benutzt habe, macht aber ein angenehmes frisches Hautgefühl. Der Zitronengras Duft fördert das frische Gefühl noch mal",Alice,Reviewed in Germany on 8 March 2026,True,
R1VJG2GV1VQJCS,four_star,4.0,"La formula es ligera, pero no es apta para pieles sensibles o con la barrera cutanea dañada","Si hidrata, lo compré porque mi piel es muy sensible, lamentablemente si uso demasiadas capas me empieza a quemar y me deja la piel roja. Así que lo usaré en mi cuerpo para no desperdiciar mi dinero y tendré que comprarme otro producto para el rostro.

Si tu piel es sensible a fragancias o aceites NO compres este producto contiene Limonene, que es un aceite escencial.

La experiencia es bonita, porque no tapa los poros, pero lamentablemente, a pesar de que investigué el producto sobre otros alergenos antes de comprarlo... parece que mi piel es extremadamente sensible, mas allá de los alergenos comunes. El test del antebrazo no funcionó mucho conmigo porque la barrera de mi rostro parece estar dañada a comparación a la piel de mi brazo.",Yossarian Jáuregui,Reviewed in Mexico on 25 January 2026,True,
RZ1AO7G6TFWDZ,four_star,4.0,Nice mochi toner,I’ve been using it for quite a while and I like it’s moisturising effect the most.,svt.carat,Reviewed in Germany on 29 October 2025,True,
R2S8Z2Y2X2858M,four_star,4.0,Wish it wasn't Scented,"Not that fond of the scent - though I am scent-sensitive. I would prefer something without perfume in it. For the price, it does a great job. I resorted to this one after my go-to went up a lot in price.",Chsgrl76,Reviewed in the United States on 1 June 2025,True,
R8TLSH1M86H19,four_star,4.0,Good,Good,Dannyboy,Reviewed in Germany on 12 May 2025,True,
RIE5QQ2L5TN3S,four_star,4.0,Hidratante,"Bueno igual que imagen de venta, huele delicioso",Pol,Reviewed in Mexico on 26 April 2025,True,
R2YWPD8ILBV5TT,four_star,4.0,Smoothie for your skin!,This is some good stuff! So soft and nourishing,Luvmyfurbaby,Reviewed in the United States on 7 January 2025,True,
R3U0LPEXQOMXPH,four_star,4.0,Básico y simple,"Funciona para regular tu ph después de lavar el rostro, es ligero y deja la piel hidratada para aplicar los serum pero no hace una diferencia muy relevante. Lo compro porque me gusta mojar mi cara antes de aplicar el ácido hiáluronico y el olor es súper agradable.",aghp96,Reviewed in Mexico on 17 November 2024,True,
R26BCLJYW8ZZUF,four_star,4.0,Hydrating toner,"I love a good hydrating toner, and this one did not disappoint. It is milky and fairly thick,
And it layers nicely over my Round Lab Dodku toner. It makes my skin feel supple and nourished. This also works great under makeup: no pilling or clumping. It can provide a nice base hydration before serums/moisturizer/spf.

The scent is also quite light. I am someone sensitive to fragrances skincare, and this causes me no issues- I actually like it a lot.

The amount you get for the price is also a big plus! The only reason I am not giving five stars is because there are other milky timers I like a little more than this one (especially Tirtir Milk Skin and I’m From Rice Toner). But this is a great value and good, solid product. Highly recommend.",Kimberly,Reviewed in the United States on 1 May 2024,True,
R380NZUPPLG7D,four_star,4.0,the best toner for dry skin!,"it would be absolutely perfect it there were a no fragrance option, but doesn’t smell horrible like the other reviews had mentioned. sweet like fruity pebbles.",Amazon Customer,Reviewed in the United States on 18 March 2024,True,
RFWQZJTGACI8M,four_star,4.0,Toner!,"I love this product! You get a very large amount for the price .This toner has great hydration. Will last you all year if using 2x daily. One of all time favorites. I have mature dry skin, but this will work for all ages!",Donna T.,Reviewed in the United States on 4 January 2024,True,
R3L74R112IA2Y9,four_star,4.0,Me parece bien...,"creo que es un buen producto, me gusto mientras lo use pero creo que no es otra mi piel, tengo piel delicada y bastante seca y este producto me saco rojeces, pero igual me dejaba bonita la piel y su aroma es bonito, tiene tonos como eucalipto, se siente la piel bastante fresca y linda",Aguacateconsal8,Reviewed in Mexico on 5 November 2023,True,
R1NS5VGGPMOEJ8,four_star,4.0,Really like it,"This adds moisture and helps with my skin barrier on my dry, sensitive skin. It does leave a bit of a tacky feeling on my skin almost like it's not completely absorbed even though it has. That feeling does disappear once I put my moisturizer on though. I just pat a few drops onto my skin rather than use a cotton round. The bottle is huge. I bought it in early April 2023 and I'm barely 1/4 of the way through.",Vivienne Lee,Reviewed in the United States on 30 August 2023,True,
R3A7LRAYS8MAH1,four_star,4.0,SOOO hydrating,I absolutely love this toner. I poured some in a bottle with a spray nozzle and it’s amazing. Perfect to put on before Hyaluronic acid.,Perfect for small businesses!!,Reviewed in the United States on 13 July 2023,True,
R132YL2JR5EKAE,four_star,4.0,smells amazing and very milky,has an amazing texture and leaves skin bouncy and moisturized,Deb,Reviewed in the United States on 25 December 2022,True,
RS8T4XVM76CMW,four_star,4.0,Good for moisturizing,I like this toner a lot for how moisturising it is. I just wish they had a fragrance free version,NG,Reviewed in the United States on 4 September 2022,True,
R3CW0H6GDHALPK,four_star,4.0,I love the smell of this shampoo and conditioner,"I love the smell of this shampoo and conditioner, but still need to deep condition",Mom of teenager,Reviewed in the United States on 23 July 2022,True,
R3J8FH5JRLXYQ9,four_star,4.0,Great skincare!,Leaves skin feeling hydrated and plump after a couple of swipes with a cotton round. To get full benefits you should probably use your hand and press in product.,A.L,Reviewed in the United States on 16 January 2022,True,
R1LPRU77PI538K,four_star,4.0,Ok product,"I like its texture and value for money. However, northing really special hence 4stars.",N,Reviewed in Australia on 7 January 2022,True,
R3U8A8IAT4HWQE,four_star,4.0,Gives the right moisture boost to my skin post-cleansing,"I'm about a third of the way into the bottle and I have to say, It's good. I use a very drying product to cleanse, so I feel an immediate different toning with this when im done. Even if I skip the rest of my routine for the night, I still wake up refresh and moisturized. Will definitely buy again.",Chicity!,Reviewed in the United States on 22 July 2020,True,
R3ERZPSCPK2QTV,four_star,4.0,Nice and moisturizing!!,"This is a nice moisturizing toner and certainly refreshing with a pleasant, mild scent. However it doesn’t do much for my occasional hormonal acne.",Pickatwin,Reviewed in the United States on 6 June 2020,True,
R23YRBFF49TZ7U,three_star,3.0,Caused spots for me but felt hydrating,"I have scored 3/5 as I have broken out in spots a lot after using this product but in fairness, different people react to each product so I didn't want to score it a 0.

It does have a really nice texture when applying and gutted that it has left me so spotty and it felt very silky and refreshing.

Some people mentioned a bad smell but to me it was odourless.",C Hughes,Reviewed in the United Kingdom on 24 November 2025,True,
R1WDJ0I95GJMXO,three_star,3.0,Agradable y lindo,"Es agradable, hidrata ligeramente y siento que es perfecto si estás empezando a experimentar con tónicos o solo quieres agregar un paso extra a tu rutina, no lo veo necesario pero es agradable, aunque tiene un ligero olor a eucalipto.",yb,Reviewed in Mexico on 22 February 2026,True,
R3BP5W6BUS0PGP,three_star,3.0,Milky Toner Okay,"I don’t like the scent of it, I prefer no smell. But it’s good for the price and does they job by hydrating.",Amazon Customer,Reviewed in the United States on 11 August 2025,True,
R1DATT08NB5QW3,three_star,3.0,Leider zu starker Geruch,"Ein schöner Toner, macht meine Haut sehr sehr weich allerdings finde ich den Geruch (zitrus) viel viel viel zu stark und wirklich störend, weshalb ich den Toner auch nicht mehr fürs Gesicht verwenden möchte. Deshalb leider irgendwie ein Fehlkauf denn ohne den Geruch wäre es echt ein tolles Produkt",ES,Reviewed in Germany on 27 July 2025,True,
R2Z03WHNZU2RKK,three_star,3.0,Smells like lemon pledge,Moisturizing but smells to high heaven couldn't get past the smell,Cynthia greene,Reviewed in the United States on 26 June 2024,True,
RYGG5UR3UPKH,three_star,3.0,Don’t notice a change but it is keeping my skin moisted,I don’t notice a big change in my skin. I already have a decent skincare routine but decided to give this one a try. TonyMoly products are either a hit or miss for me. But so far I don’t have a problem with it and it seems to keep my skin rash-free and moist like any other products I have used that works well. It has a calming and pleasant scent that is not too strong so that is a plus for this toner,Natalie Pmm,Reviewed in the United States on 12 August 2023,True,
RHV9KT3LTU8IW,three_star,3.0,It's alright.,"We all have different skin types and it just didn't work out for me. It was ok. I would say, it's not bad to give it a try, though.",Sojin,Reviewed in the United States on 14 March 2023,True,
R3907J4G9W6JNY,three_star,3.0,Surprisingly hydrating! But led to skin irritation,"I wasn't expecting much from this TonyMoly Mochi Toner - I bought it on a whim because the price is so good for the amount you get. But it's actually hydrating! Most toners, emulsions, and milks that I've tried dry into a tacky layer on top of my skin without actually moisturizing. I'm shocked this toner moisturizes so well! My only critique is that I'm not a fan of the lemon oil, linalool, and limonene... The scent makes me feel like I'm putting a floor cleaner on my face, and I'm concerned about sensitization. I think because of those ingredients, I won't repurchase, and I'll keep looking for my HG lightweight moisturizer. But in the meantime, I'm happy to have this on hand.

Update: Sadly, after using this for a few days, my skin began feeling rough and irritated, and I developed a a handful of small hives. It's too bad, but it might work well for less sensitive skin.",Viridian,Reviewed in the United States on 1 October 2022,True,
R3UTUG53JIZ2JF,three_star,3.0,Bottle that I received is almost expired,I love this product HOWEVER I started using the bottle I bought about a month after I had purchased it and checked on the bottom that it expires in a couple weeks. The return period has ended and I am left with a huge bottom of toner that is nearly expired. 🥲,Xenia,Reviewed in the United States on 19 August 2022,True,
R1X8I6HXFKODEY,three_star,3.0,It’s okay,"I bought this toner as it came very highly recommended in a skin care group I follow on Facebook; The Real Skincare Discussion.
While it is moisturizing, I’ve tried other toners I like better.
I bought it at discount, so I’d say the value was good, although I’m not sure I’ll buy it again, I’ll probably try some others I’ve been reading about first.
Not my HG but it might be yours.",JR,Reviewed in the United States on 10 January 2022,True,
R2P6QQQQRRL56V,three_star,3.0,It is value for money item though..,it didn't work for me..,fly2thesun,Reviewed in the United States on 5 January 2022,True,
RMCT6VALMCYOI,three_star,3.0,"Greasy, sticky, DIDNT sink in",My face always felt sticky after use. Cosmetically inelegant.,Amazon Customer,Reviewed in the United States on 27 September 2021,True,
R1P1SOBZRBXBYO,three_star,3.0,Redness,I wanted to love this but I think my skin was sensitive to the fragrant ingredients. I do have sensitive skin so it may just be me.,Bhancock1010,Reviewed in the United States on 23 November 2020,True,
R2E5SESPOHS5T5,two_star,2.0,Fair,"Didn’t really do much for my skin neither did it make my skin worse
I have dry and sensitive skin",Osaseri Agidigbi,Reviewed in the United Kingdom on 1 June 2026,True,
R3AD23T86IMPQ4,two_star,2.0,Wonder Mochi Toner,"It’s feel good on my face, but not visible yet",Mutiat Abiodun,Reviewed in the United Kingdom on 21 August 2025,True,
R1A8GX9H9QC73O,two_star,2.0,Fake 🚨,"I think this product is fake. As i have used the original one & that has more thick texture. If this was my first purchase i wouldn’t be able to differentiate however as i have used the original one. So, i can definitely say that this one fake.",Nidhi,Reviewed in India on 14 April 2026,True,
RQSS9IT9ZNHD5,two_star,2.0,Not for sensitive skin,"This was too good to be true. The amount you get is massive but it does me no good because it immediately flared up my rosacea. For something that’s supposed to be soothing there is definitely some ingredient in here that is not soothing. I think it may be dipropylene glycol. I’m allergic to propylene glycol (like approximately half of the population because it’s a common skin irritant) but have never had a problem with dipropylene glycol. All I know is I have not had a blemish in months, I used this twice and now I have two big rosacea blemishes. I hate having to return my personal items without a box. It is so intrusive having to set all my things on the counter and I think Amazon knows this and this is why they now charge more to return a boxed item than an unboxed item. People end up not returning things because it’s intrusive. Either way, this is not good for sensitive skin. Very few things make me break out so quickly but this was almost immediate.",Aveda N8TV,Reviewed in the United States on 13 March 2026,True,
R3797T36YA6DUQ,two_star,2.0,Breakout,This product broke me out very bad,Duha anaeem,Reviewed in the United States on 28 January 2026,True,
RGCE4SMCRDSDQ,two_star,2.0,Not the original,Ingredients differ from the toner sold at Ulta.,Marisol,Reviewed in the United States on 8 October 2025,True,
RXF2XB3O97XZT,two_star,2.0,Not a great toner,"Not really like a toner, I know this is a milk toner but it’s more like a gel or lotion. Super lemony in smell. I feel like it clogged my pores and made me feel less clean over all. Not good in my opinion",Dal,Reviewed in the United States on 22 April 2025,True,
R1Y8C3IDUS3QOK,two_star,2.0,Very sad.,"Hello! So, I bought this as a possible alternative to my usual toner as the mochi toner has way more bang for your buck. I usually use the im from rice toner and it’s really good at keeping my skin soft and moisturized but it’s 22 dollars for half the size of the tonymoly toner. However, I noticed many differences and I thought i’d share, as well as pros and cons.

TONYMOLY mochi toner:
Pros:
- VERY good value. This bottle is huge and if this product works for you I’m jealous because you get so much bang for your buck with this!

Cons:
- is very scented. i noticed there’s a lot of citrus in the ingredients, and I couldn’t place my finger on the scent at first. It’s *almost* sweet like fruity pebbles, until someone in the reviews mentioned it smells like lemon. It’s not my favorite scent to be honest.

- it made my skin super dry! This is a little bit thicker than your average toner, so I assumed it would be more moisturizing than my rice toner. It unfortunately isn’t. I have dry skin, and me using this toner was almost as if I didn’t put it on my skin at all.

- it didn’t necessarily break me out, but it definitely irritated my skin. Got red bumps on my cheeks and immediately stopped using. I even tried using this toner as a hand serum just so I didn’t have to throw it away because I really hate throwing things out. I also don’t believe in returning used cosmetics so I unfortunately had to throw this out. However, I do like other tonymoly products, this one just didn’t work for me :(",Juno ☆,Reviewed in the United States on 18 April 2024,True,
R1C17QG8KK3SPG,two_star,2.0,Burned,Idk why everyone loves this. I have sensitive rosacea skin and this burned my face. Im guessing due to the citrus in it. If you are going to say something is fragrance free dont add citrus products that defeats the purpose.,Somebody,Reviewed in the United States on 29 May 2023,True,
RC25MPAAXOL8G,two_star,2.0,it came broken,good product but it arrived broken,Maroh esi,Reviewed in the United States on 10 February 2023,True,
R2J7JKUR3EQZWQ,two_star,2.0,Not for me,"Based on the reviews and my love for milky toners, I went for it and purchased this one just to try something new! And after just a few days of using it my face was enflamed, irritated, and little pustules were popping up everywhere. The point of it is also hydration and my skin was dry and my pores enlarged like crazy in just a few days. It’s not the texture of other ones I’ve used in the past either. It seemed promising when first dispensed into the palm of my hand but as soon as I put it on my face it felt odd, almost rubbery in a way. Wanted to love this but unfortunately it’s not for me. But take the chance I guess because it seems I’m in the minority based on reviews!",Katie,Reviewed in the United States on 9 February 2023,True,
RPAMM2M8IEPKI,two_star,2.0,Face broke out,"It has a very lemony scent and it smells good, but a bit overpowering when it’s on your face. It made my sensitive, acne prone skin face break out :(",Taylor Chattin,Reviewed in the United States on 21 December 2022,True,
R10UULOJYIJ01R,two_star,2.0,Not the best option,"Click to play video
Honestly, it's not the best, it does leave a moisturizing and refreshing sensation at first, but as time goes by it feels greasy. I won't buy it again.",EP,Reviewed in the United States on 9 December 2022,True,
R36IGGZB3RJ07S,two_star,2.0,Flare up,"Not for me, my skin is really picky, and this broke me out.",Sophia,Reviewed in the United States on 6 April 2021,True,
RTXD11V96HGK1,two_star,2.0,MUST,"I have had dry, dehydrated, flaky and itchy skin for months. I have used many skincare products to get rid of my acne and dry skin but this takes it all. I’m 18 and I’ve had acne for about 5 years now and this literally smoothed and healed my skin in less than a week.. I see improvements in skin tone and my skin feels soft like a baby.. it’s a must if you want clear skin

Update: my skin became worse over time, there’s fragrance",Yoy,Reviewed in the United States on 28 May 2020,True,
RPI1IN3IIMG59,one_star,1.0,Do not purchase this one!!,"Damaged my skin. I have dry skin, it broke my skin off and caused acne",Neelam Samyuktha,Reviewed in the United Kingdom on 13 August 2025,True,
RUPDGVOGNKZI9,one_star,1.0,Not for me,"Gave me spots which I didn’t expect
I requested a refund as it was free return and I’m still waiting
Not impressed",Valentina Stan,Reviewed in the United Kingdom on 12 August 2025,True,
REZ10SMOPN86Y,one_star,1.0,1/10,"It has no smell and milky thicker texture. I did not like it on my skin though, it does nothing comparing to other Korean tonners",Iryna,Reviewed in the United Kingdom on 31 May 2025,True,One person found this helpful
R1T7FU9SYUGFNF,one_star,1.0,I dont like it,I don't like it it make my face look dry and somehow,Akua,Reviewed in Belgium on 14 April 2026,True,
R1OS0XOFHCP80D,one_star,1.0,Pas pour moi,"Malheureusement ce toner ne m'a pas réussi du tout 3 utilisations et il a fait pire que mieux irritations rougeurs et ma peau qui me brûle atrocement je l'ai acheté car je voulais restaurer ma barrière cutanée vu qu'il contient des ceramides mais c'est un échec total , sous le maquillage la dernière utilisation il m'a piqué toute la journée j'ai ressenti un inconfort et le soir lorsque j'ai voulu me démaquiller avec le frottement du coton ma peau est devenue rouge vif comme si j'avais pris un coup de soleil j'ai du réparer ça avec de la cold cream !",Coralie,Reviewed in France on 29 November 2025,True,
R2BVQG2LY17SZD,one_star,1.0,So vood,It quite hydratig and soothing leaving the face frech.. i love love..i will defintely repurchase,Chinenye Blessing umeh,Reviewed in Germany on 17 September 2025,True,
R67D0RQ2B9Z3C,one_star,1.0,Nothing as such hype of this product.,Nothing as such hype of this product.,Pinky Martis,Reviewed in the United Arab Emirates on 20 August 2025,True,
RTUU5NL1XD5NE,one_star,1.0,Different size,"Not as the picture,I thought it’s gonna be 500ml but ot came only 300ml",Suci,Reviewed in the United Arab Emirates on 5 July 2025,True,
R2IWISAHZNHU59,one_star,1.0,Rash,Using the product on the rest of my body seems fine but using it on my face gave me a rash and irritation. Really unfortunate cause I've heard so many good things about this product :(,Ashton S.,Reviewed in the United States on 11 May 2023,True,
R17EDA8QSAKO03,one_star,1.0,Not for me unfortunately.,"I really wanted to like this toner, but it stung my skin and I didn’t notice any improvement after using half the bottle.
I went back to the Hada Labo gokujyun premium toner, which I already knew my skin loved.",Tiffany K Hopfenblatt,Reviewed in the United States on 1 February 2023,True,
RD6LXY9TTQQ28,one_star,1.0,cystic acne,"unfortunately this product didn't work out for me. smells nice. looked like it was hydrating my skin enough. but it caused my acne prone skin to get cysts. stopped using it, they healed. tried it again, started having cysts again.",Babiechaos,Reviewed in the United States on 16 January 2023,True,
R2CQI57DO2Z8AV,one_star,1.0,I don’t get it,"After reading the reviews, I purchased this. According to everything I read, ceramide mochi toner should be great, even for sensitive skin. I don’t have sensitive skin, but every time I use this my eyes swell up like cartoon character. I don’t get it. It’s very hard to find information on line that’s not from a company selling it. I would be suspicious of this one…",Molly Head,Reviewed in the United States on 12 December 2022,True,
R1JTT5FOTVGW5X,one_star,1.0,Why do all good things come to an end?,"Original review: My favorite (and only) toner, been using it for about 4 years. One bottle lasts me about 8-9 months for me so it's very affordable. I change up the skincare routine depending on my immediate needs and time of the year but this toner never changes!

Update: The latest bottle I received is unfortunately not the same product I've been using for years. I noticed they changed the packaging but didn't think anything of it until I used the new bottle and it smelled different. It never had a significant scent before but now it smells like citrus. It's color is more transparent, it used to be more white and most importantly it burns my face! In 4 years of using this product this never happened before, it's been an hour and my face is still burning. I compared the ingredients to my old bottle and the last 5 ingredients are different. I am very loyal to my skincare products and when I find something that works I stick to it but unfortunately this is the end of the road for this product.",blobaloo,Reviewed in the United States on 20 June 2022,True,
R2DJCXM7SH9VIE,one_star,1.0,irritating for my skin,It irritated my skin. I would get small bumps and my skin would turn red pretty immediately. Can't return it for whatever reason. Total waste of money.,Jae,Reviewed in the United States on 23 April 2022,True,
R24ATQ6XKNXNOC,one_star,1.0,"It caused itch bumps on face, hands , anywhere I applied on skin.","Do not like at all, itch skin, tiny bumps on my face, itch skin on my hands, not going away even after stop using it. Socks, bad luck!",KYONG,Reviewed in the United States on 21 November 2021,True,
R2CB1BJHVIF3XP,one_star,1.0,"bottle was leaking, package had a hole in it","I got this product yesterday but it had a huge hole ripped in the package and the bottle was not fully sealed.
I used it once so far and it feels nice. Will see how it goes.",B,Reviewed in the United States on 30 October 2020,True,
R2W9BB6J0EOZ1G,one_star,1.0,Expired makeup,"No. Why is Amazon letting people list makeup items that expires in 3 to 4 months. I dont understand.
When I first opened this Toner, I use this product but then I while using it it smelled weird. It smelled like a bug repellent. So I checked when the expiration date. The item I recieved expires in November of this year.

Make-up or skin care products usually have an expiration date for when it is opened and when it is sealed. yes it has TWO expiration date. Just because it is sealed, it doesnt mean its expiration date extends to when the product is opened.
Please stop selling expired makeups, I just dont want other consumers to buy expired makeup.",Amazon Customer,Reviewed in the United States on 27 July 2020,True,
R2MWW0B4QWI7AX,five_star,5.0,Good buy.,Very hydrating.,Adeola,Reviewed in the United Kingdom on 23 May 2026,True,
R8VY4VIHNYT6V,five_star,5.0,Very hydrating,Very hydrating and easy absorbing,Oluchi,Reviewed in the United Kingdom on 8 May 2026,True,
R3OLRLJCUA3CEK,five_star,5.0,Hydration in a big bottle,"A lovely thin hydrating toner. I did expect the consistency to be thicker but after a month of using daily the skin on my face loves it.
Removes any tightness that some of my face washes leave.",Kelly,Reviewed in the United Kingdom on 7 May 2026,True,
R12MP96MAY79IK,five_star,5.0,Soothing and hydrating,Really like this toner. It feels very hydrating and soothing. Not sure if it has made any difference to my skin but feel very nice on the skin.,Sarah,Reviewed in the United Kingdom on 5 May 2026,True,
R3Q1VNJJET3EJI,five_star,5.0,Gentle and hydrating toner,Love this toner very gentle and hydrating and the bottle is massive and will last forever! Highly recommended,Super Cool Shopper,Reviewed in the United Kingdom on 5 May 2026,True,
R253WE80F5IEWY,five_star,5.0,Excellent!,Love it! Not only does this hydrate my skin but also gives a glass glow,Marley n Me,Reviewed in the United Kingdom on 29 April 2026,True,
R2XKEE69AO48LL,five_star,5.0,Great for my combination (dry & sensitive) skin. Well worth the money.,"Now I'm getting older, I'm finding that my previously oily skin has turned into sensitive and dry skin. I'm quite new to toners, and the one that I previously used was very watery, and made my skin sting a little. When I first bought this Tonymoly mochi toner, I was skeptical due to it containing lemon peel oil. I thought it would irritate my skin (always do a patch test just incase), but it doesnt, and I am 100% sold. It is nice and thick and very hydrating as well as soothing. I very much look forward to using this product every day, and on days where I feel like my skin is a little extra dry, I apply multiple layers with my hands, and it provides the extra hydration that I need without it feeling heavy or making my skin feel greasy or sticky. I also find that mixing a few drops into my tinted moisturiser gives a more natural ""no make up"" look. It slightly sheers the tinted moisturiser and gives it a more skin-like appearance. I've heard that this works for actual foundation, too. I bought this when it was on offer. But due to how good it is for my skin and the size of the bottle, I am more than happy paying full price.",Jai,Reviewed in the United Kingdom on 19 April 2026,True,2 people found this helpful
RVROJ6EW0F6O7,five_star,5.0,💯 Definitely will repurchase!,"Reviewing this after 1 week of daily use (twice a day) and I absolutely adore this product.

I have dehydrated combination skin (oily tzone and mouth area), I have redness, skin texture and sensitivity from rosacea. In my early 30s.

The texture is slightly heavier than those watery toner. But not at all heavy/sticky. It’s actually super light and comfortable on the skin. Your skin just feels well hydrated even before your moisturiser!

It calms my skin down a lot especially after an acid peel procedure. Large bottle for the price. Smells so nice too! To make it easier to apply I use spray bottle to apply this product. Works wonderfully. Easily 5 star.",G,Reviewed in the United Kingdom on 16 April 2026,True,
R3FSJ21F7KDL3N,five_star,5.0,A Game Changer for My 50+ Sensitive Skin,"I’m in my 50s, and my skin is definitely on the mature side—plus I’m prone to redness and those pesky broken capillaries. Lately my skin has been more reactive than usual, so I started looking into products that could strengthen my skin barrier, keep moisture locked in, and offer some protection from environmental stressors.
Unsurprisingly, ceramide-based products kept coming up in my research, but I’d never tried a ceramide toner before. With so many toners, essences and ampoules on the market now, it can be hard to understand what each one does or which skin types they’re meant for. When I first got into skincare, toners were basically just used as an extra cleanse step or to control oily T‑zones—nothing like what they are today.
This is why the TONYMOLY Wonder Ceramide Mochi Toner was such a lovely surprise. It’s incredibly gentle, very hydrating, and noticeably soothing. After using it, my skin has that soft, healthy-looking “glass skin” glow that I always hear about but rarely achieve.
On top of the results, it’s excellent value for money, comes in a generous size, and has a light, calming scent that makes it feel like a mini spa moment. For anyone with sensitive, easily irritated, or mature skin who wants a boost of hydration and barrier support, this toner is definitely worth trying.",christine doherty,Reviewed in the United Kingdom on 19 March 2026,True,
R3LX3N78JAE5OJ,five_star,5.0,Hydrating & not sticky,"My 3rd repurchase. Goes on so easily, not sticky, absorbs well. So hydrating.",Lisa E.,Reviewed in the United Kingdom on 20 February 2026,True,
R2UO5ETXDKHVI2,five_star,5.0,Nice quality for price,Love this toner. I have bought a second one for back up - although the size of the bottle is very generous. It feels silky on the skin and leaves my skin soft and hydrated. I use this straight after cleansing and then add my other lotions. I would give it more stars if I could. A very reasonably priced toner that would easily compare to higher end.,Vicki M.,Reviewed in the United Kingdom on 22 January 2026,True,One person found this helpful
R7O7USWG8QGZQ,five_star,5.0,This is a good hydrating toner I love the work is good.,I love this toner it's really doing wonders as the name apply ❤️❤️❤️❤️❤️❤️,Olabisi Adejoke,Reviewed in the United Kingdom on 15 January 2026,True,
R39YW5R960KI2E,five_star,5.0,best Milky toner,Best hydration & smoothness. It’s best milky smooth toner I ever had. Best for dry skin.,Prexa,Reviewed in the United Kingdom on 17 December 2025,True,
R5MTH6MWQ58T9,five_star,5.0,beautiful toner,"this is the holy grail of toners, definately hydrating and nourishing, with this nice greaseless glow it leaves on the skin. I love it",Angela Ade,Reviewed in the United Kingdom on 4 December 2025,True,
R2Z3GAQLX42T3O,five_star,5.0,Worth every penny.,Very hydrating!!!,Rockstarr Balboa,Reviewed in the United Kingdom on 23 June 2025,True,One person found this helpful
R22R4W7VCHFPF,five_star,5.0,Very productive,"So hydrating and works really well
I have seen great progress since I started using this product",Rodesss,Reviewed in Germany on 3 June 2026,True,
R34J0T2UXZVJLJ,five_star,5.0,A must have! Don’t wait’,"Absolutely love, love this product! It smells amazing and feels so hydrating on the skin. Every time I walk by it I want to use it. The price point for volume amazing. Definitely on the reorder list!!",Kelly G,Reviewed in the United States on 14 May 2026,True,
R15GZHFCQM8L4Y,five_star,5.0,Hydrating toner for dry skin,Good product for hydration.,Priyanka,Reviewed in India on 1 May 2026,True,
R2QDWCVXQBUPS0,five_star,5.0,Why is it so expensive not,"So good
Very hydrating",Miracle A.,Reviewed in Belgium on 8 April 2026,True,
R10WVE25ZG0VW2,five_star,5.0,A toner that will leave your skin looking like glass and hydrated.,"I love this toner—it is very lightweight and hydrating. I have oily skin, and I noticed a difference from the very first day I used it; it leaves you with an incredible glass-skin look. Plus, the price is excellent.",Yandra Rojas,Reviewed in the United States on 7 April 2026,True,
R3TW4GOYIBLUCG,five_star,5.0,I love the way 💞,"I absolutely love this toner! The texture is lightweight but still feels deeply hydrating on the skin. It absorbs quickly and leaves my face feeling soft, smooth, and plump without any sticky residue. I’ve noticed my skin looks more radiant and healthy since I started using it.

It’s perfect for layering in a skincare routine and works great both morning and night. The large size is also a huge plus—it lasts a long time and is definitely worth the price. If you’re looking for a gentle, moisturizing toner that strengthens your skin barrier, I highly recommend this one! 💧✨",Juana Rodríguez,Reviewed in the United States on 5 April 2026,True,
RRXHOQ6A22XE2,five_star,5.0,Best toner for dry skin,Best toner out there for dry skin! Hydrates and leaves the skin supple.,Carmen Hernandez,Reviewed in the United States on 3 April 2026,True,
R1GR1ANPQ855VR,five_star,5.0,Excelent,I loved this product because its texture and beautiful results make it more than just a toner. My skin has never been so hydrated and radiant.,Evelina Cid,Reviewed in the United States on 3 April 2026,True,
RGDJH0ARK5U7Q,five_star,5.0,"This toner is honestly giving hydrated, glass skin energy","The texture is lightweight but slightly milky, so it feels super nourishing without being heavy or sticky. As soon as it touches your skin, it absorbs quickly and leaves your face feeling soft, plump, and refreshed.

What really stands out is how well it supports your skin barrier especially if you have dry or sensitive skin. The ceramides and hyaluronic acid work together to lock in moisture and keep your skin looking smooth and healthy throughout the day. With consistent use, my skin felt more balanced, less tight, and definitely more glowy ✨

If you’re on a journey to achieve that soft, “mochi” glass skin look, this toner is a must-have in your routine.",Akissa Scott,Reviewed in the United States on 3 April 2026,True,
R2W6M6SAPZ1KPU,five_star,5.0,"The secret to ""Glass Skin""! ✨","This TONYMOLY Ceramide Mochi Toner is a game changer. It has a delicious milky texture that hydrates deeply without feeling sticky. It leaves my skin feeling so soft and bouncy, just like a mochi! It’s my favorite step for achieving that perfect glass skin glow. 100% recommended! 💎",Olisa Cruz,Reviewed in the United States on 2 April 2026,True,
R1LP70F4M15UGP,five_star,5.0,Definitely Recommend,"This is a really good toner if you have sensitive skin or dry skin as well! It is really hydrating and cooling to the skin, definitely recommend!",Fathia,Reviewed in the United States on 2 April 2026,True,
RLL43BUZJ48XZ,five_star,5.0,My holy grail,"been using the TONYMOLY Wonder Ceramide Mochi Milky Toner, and I’m honestly obsessed. The texture is super lightweight but still feels creamy and nourishing at the same time—perfect for giving that “glass skin” look without feeling heavy.

It absorbs quickly and leaves my skin feeling soft, hydrated, and bouncy (literally like mochi!). I’ve noticed it really helps strengthen my skin barrier, especially when my skin feels dry or sensitive. No irritation at all—just smooth, calm, and plump skin.

Another thing I love is the size. You get a LOT of product, so it lasts forever and is totally worth it.

If you’re looking for a hydrating toner that gives you that healthy glow and keeps your skin moisturized all day, this one is definitely a must-have.",Heidi Dume,Reviewed in the United States on 1 April 2026,True,
R3VH2L8O94GQL9,five_star,5.0,Feeling deeply hydrated,"My skin has been loving the TONYMOLY Wonder Ceramide Toner. It leaves my face feeling deeply hydrated, soft, and plump right after applying it. The glow it gives is unreal, like that fresh, healthy skin flow we all want.",Dannerys Martinez,Reviewed in the United States on 1 April 2026,True,
R3LFE4DSLZ9XDW,five_star,5.0,Deep hydration without heaviness,Really hydrating but still lightweight. Absorbs fast and leaves my skin soft and calm without any stickiness. Great for dry or sensitive skin.,Liony Nicol Bonilla,Reviewed in the United States on 1 April 2026,True,
R2LZ5GN249NMLR,five_star,5.0,"Glowy, hydrating, and a new favorite!","I absolutely love this product. It leaves my skin feeling deeply hydrated with a beautiful glow. One of my favorite things is the scent, it reminds me of a vitamin C serum, which makes it feel even more refreshing and luxurious.
It’s very lightweight when applied and absorbs nicely into the skin without feeling heavy or sticky. My skin looks healthier and more radiant after using it.

The size is also amazing, you get a lot of product, which makes it totally worth it.

This is definitely one of those products that quickly becomes a staple in your routine. Highly recommend!",Marieris Sanchez,Reviewed in the United States on 1 April 2026,True,
R3RFJTHNMFB20I,five_star,5.0,Glowy bouncy glass skin must have,"Been using this toner for a few weeks now and I’m obsessed, it makes my skin so glowy and bouncy! It’s super hydrating and not sticky at all. I also love that it’s multi use, you can use it as a body toner, spray it, or just use it daily in your routine. It’s so good, I wish would’ve found it sooner!",Brianna Garrett,Reviewed in the United States on 1 April 2026,True,
R11LT8TJWMKTXU,five_star,5.0,Best Bang for your buck!,"I love this Milky Toner. For the amount you get it is deff the best bang for your buck. It was super hydrating, left me glowing and not sticky. I also love to use it all over my body!",Lisa M,Reviewed in the United States on 1 April 2026,True,
R1A4GC2QIG3U7N,five_star,5.0,Dewy Skin!,"Click to play video
This toner smells so good! Plus, I love the simple but nice packaging. It is light, and absorbs so well into my skin. I also like that it makes my skin feel super hydrated and very dewy! It’s a really nice toner, my mother and I fight for it all the time. I think I just have to buy her one.",Dora,Reviewed in the United States on 1 April 2026,True,
R2SH5J8F5DSMSV,five_star,5.0,Great value,"Super milky and hydrating, everything I want out of a ceramide toner. The bottle is huge and offers a great value for a great product. Definitely worth buying.",alicia teague,Reviewed in the United States on 31 March 2026,True,
R3HIEAHNJO1XAZ,five_star,5.0,Amazing hydrating toner,I really enjoyed using this product its so nice and leaves my skin feeling hydrated and soft!!,Aya,Reviewed in the United States on 31 March 2026,True,
RI5V7E5VNP94D,five_star,5.0,Hydrating milky toner!,"This TONYMOLY Wonder Ceramide Mochi Milky Toner is sooo hydrating! I love that it’s non-comedogenic, so it won’t clog my pores. Overall, a really good milky toner that leaves my skin feeling soft and moisturized.",Jessica Martinez,Reviewed in the United States on 31 March 2026,True,
R3DWQI99NVCDOG,five_star,5.0,Beautiful skin in the AM,"I have been looking for a non-irritating hydrating toner for a while and we’ve found it with tonymoly. This toner is chock full of amazing ingredients and the quality shows up in my skin. My skin is so incredibly hydrated soft and supple. No scent that I noticed, no irritation, just calmed and invigorated skin. I definitely recommend trying.",Realize kenn,Reviewed in the United States on 30 March 2026,True,
R3JLXOWHTHSQSD,five_star,5.0,Such a good k-beauty skincare product,Such a great toner it’s so moisturizing my skin drinks this up. I look so hydrated and dewy after using this product definitely recommend it.,Jennifer,Reviewed in the United States on 30 March 2026,True,
R3GIUVHOOE8HGT,five_star,5.0,YOUR SKIN WILL GLOW,"If you're looking for a toner to complement your daily skincare routine and truly transform your skin, this toner from TONYMOLY is perfect for you. I recently bought it, and after several days of use, I can say that my skin has changed significantly—it's much more radiant and hydrated. The bottle is large with plenty of product, and it's worth every penny. Don't hesitate to buy it; I highly recommend it.",Francina Loves Beauty,Reviewed in the United States on 29 March 2026,True,
RD9XU7BJ09JJF,five_star,5.0,Glass skin look,"I have been using the TONYMOLY Wonder Ceramide Mochi Toner for a few months now, and it is easily one of the best skincare purchases I’ve ever made. If you are looking for deep hydration and a repaired skin barrier, look no further.",Gift,Reviewed in the United States on 29 March 2026,True,
R2XGJTNTAVLU7I,five_star,5.0,My favorite toner by far!,"Super recommend! This toner has quickly become a favorite in my routine. It has a lightweight, slightly milky texture that absorbs easily without feeling sticky, leaving my skin soft, hydrated, and balanced. I love layering it a couple of times for an extra boost, it gives my skin a noticeable “glass skin” look. It’s gentle enough for daily use, works great for dry or sensitive skin, and helps keep irritation and tightness at bay. Plus, the bottle lasts a long time, making it a great value overall.",Bella L,Reviewed in the United States on 29 March 2026,True,
R2X36EQ12V574W,five_star,5.0,Great toner,"Very hydrating toner, I used 2-3 layers and it works very well! Highly recommend for a good skin prep.",CRG,Reviewed in the United States on 28 March 2026,True,
R250KUCTC9R73Y,five_star,5.0,High quality,This milky toner is amazing. My skin was glowy and so hydrated. It melts so nicely in your skin and dries pretty fast. I love!,Sabrina Castro,Reviewed in the United States on 28 March 2026,True,
R1XXYY5RMS6VBO,five_star,5.0,Excellent,"I’ve been using this tone-up cream for a few days now and I’m honestly impressed. The texture is super lightweight and feels very smooth on the skin. It absorbs quickly without leaving a greasy or sticky feeling, which I love.

It gives an instant brightening effect that makes my skin look more even and radiant, almost like a soft filter. I also noticed that it works well under makeup and doesn’t pill.

The packaging is clean and simple, and the product feels high quality overall. If you’re looking for a quick glow-up and hydration boost, this is definitely worth trying!",Fernanda Cordero,Reviewed in the United States on 27 March 2026,True,
RJXPC3G8J9BPO,five_star,5.0,Lightweight hydration and soft skin from the first use ✨,"I really loved this toner. It has a lightweight yet very hydrating texture, leaving my skin soft and refreshed without feeling sticky. I’ve been using it daily and my skin looks more nourished and healthy. Great value for the price. Highly recommend.",Ruth Esther Zapata Medina,Reviewed in the United States on 27 March 2026,True,
R2IEWVPHD5QKS9,five_star,5.0,"Great for sensitive skin, so hydrating","I have been using this toner for a few weeks now and it has quickly become a staple in my routine. The texture is milky and slightly thicker than a typical toner which makes it feel more nourishing right away.

It absorbs easily into the skin and leaves it feeling soft, hydrated, and balanced. I like to layer it two or three times and my skin looks noticeably more plump and glowy without feeling greasy.

This works especially well for dry and sensitive skin. It helps calm irritation and keeps my skin feeling comfortable throughout the day with no tightness.

The bottle is also a great value for the size and lasts a long time even with daily use.

Overall if you are looking for a gentle hydrating toner that gives you that glass skin look this is definitely worth trying.",Flo C.,Reviewed in the United States on 26 March 2026,True,
R3S1S6E6C53VBY,five_star,5.0,It’s the perfect milky consistency,"First, I’m shocked with how big the bottle is for the price. Second, wow does it give me instant hydration and glow without any sort of irritation. I’ll be repurchasing for sure!",Paula Johnson,Reviewed in the United States on 26 March 2026,True,
R3E4THK9CD3VF1,five_star,5.0,Great Value,"The bottle is huge! This will last me till the end of the year, easily. The formula soaks up into your skin with ease. It feels gentle on the skin, but also feels very hydrating. I’m excited to continue using this toner.",Eevee,Reviewed in the United States on 26 March 2026,True,
R2KN4YC7F6P04B,five_star,5.0,amazing for sensitive skin!!!,"i genuinely love this toner! i have very sensitive & acne prone skin and this product feels amazing, so hydrating and actually created a very lovely glass skin look!! also the bottle is HUGE i can't imagine running out any time soon!!",Taryn,Reviewed in the United States on 26 March 2026,True,
R333ZWAKIILIBT,five_star,5.0,Hydrating and good for sensitive skin,Great product it hydrated my skin and gave and don’t break me out,Adriana,Reviewed in the United States on 26 March 2026,True,
R3EQ9LJI69GDMR,five_star,5.0,Glass skin toner you need 🥛✨,"This toner is so underrated. The milky texture feels super nourishing and leaves my skin soft, plump, and hydrated instantly. It gives that smooth “mochi skin” look and works perfectly under makeup. No irritation, just healthy glowing skin. Definitely a staple in my routine!",agnese toska,Reviewed in the United States on 25 March 2026,True,
R36LNZ5CGEPTYJ,five_star,5.0,"Jumbo, hydrating, and skin-repairing","I'm a huge milky toner lover so I knew this toner was the one for me! I pat the toner directly on my skin, and it instantly gives me a boost of hydration and nourishment. The ceramides in this toner help strengthen your skin barrier, and gives you that glass skin effect without tightness. I also love the big size of the toner, it's such a great value for everyday glowy skin! Overall, it's amazing for your skin and a perfect addition to your skincare routine.",Caitlyn Huynh,Reviewed in the United States on 25 March 2026,True,
R1STTBI7NMGAQM,five_star,5.0,Love this!,"This toner is hydrating and lightweight. I'm always scared to try toners because I feel they might be too stripping, this one was definitely not that. I loved how glowy my skin looked as soon as I applied and will be using it in my daily routine. I look forward to seeing how it'll improve my skin after consistent use. I'd definitely repurchase.",Leslie Betancourt,Reviewed in the United States on 24 March 2026,True,
R2VRMC2K2821LA,five_star,5.0,Game changing toner !!!,"I’m absolutely in love with this toner. It’s so light weight , and moisturizing. I have combination skin and I’ve noticed a different in my skin texture now that it’s more hydrated and moisturized.

I like that there are different ways you can layer this on your skin and it definitely does give a bouncy glass skin appearance. I would repurchase this in the future. It’s also great on sensitive skin and it smells really nice and refreshing.",Katherine,Reviewed in the United States on 24 March 2026,True,
R30OHWZCBZHUTS,five_star,5.0,Look No Further!,Excellent for Hydration. TONYMOLY you out did yourself with this one. I am in love with this essence.,Shelia Sanders,Reviewed in the United States on 24 March 2026,True,
R1GEH0PRB7STTW,five_star,5.0,Tónico TONYMOLY,"This toner is very hydrating and lightweight. It leaves my skin feeling soft, smooth, and well moisturized without any stickiness 😍

I’ve noticed a healthier glow and better skin texture. It also works great as a prep step before makeup",Daya Reviews,Reviewed in the United States on 23 March 2026,True,
RICRUZBI5U02B,five_star,5.0,I love this toner,"I didn’t expect to love this toner as much as I do. The first thing I noticed is how big the bottle is you get a LOT of product for the price. The texture is kind of milky, which I wasn’t used to at first, but it actually feels really hydrating on the skin.

I’ve been using it by layering it 2–3 times like I’ve seen in Korean skincare routines, and it really does make a difference. My skin feels softer and looks more glowy without feeling greasy or heavy. It also doesn’t leave that tight feeling that some toners do.

After a few days of using it, my skin just looks more hydrated overall. Definitely worth trying if you’re into that “glass skin” look.",Rose Piercin,Reviewed in the United States on 23 March 2026,True,
R1L4PMVWO1VV6P,five_star,5.0,TONYMOLY Wonder Ceramide Mochi Toner,"The TONYMOLY Wonder Ceramide Mochi Toner is a great daily toner that keeps my skin hydrated, soft, and glowing. It’s lightweight, long-lasting, and perfect for achieving a healthy “glass skin” look.",Daviana armeidis peña montilla,Reviewed in the United States on 23 March 2026,True,
R1X2M9BWVA8IZ0,five_star,5.0,Hydrated skin without the stickiness,"I’ve been using the TONYMOLY Mochi Toner and I’m honestly really impressed. The 500ml bottle is huge so it feels like great value for how much you get!

It’s super lightweight but still deeply hydrating. My skin feels soft, bouncy, and refreshed after using it. I also love that it isn’t sticky at all.

If you’re looking for a toner that gives you that plump, dewy “glass skin” look while keeping your skin comfortable, this one is definitely worth trying!",Shannon R,Reviewed in the United States on 19 March 2026,True,
R3N399AK8SEJHV,five_star,5.0,TONYMOLY Mochi Toner you need it !!!,Love this toner ! Adding this to my skin & makeup routine. For a good price you getting a big bottle that gives you a hydrating glowing skin. Soft and lightweight toner it absorbs quickly that you can keep adding more layers if you want more hydration.,Lisette Garcia Ovalle,Reviewed in the United States on 19 March 2026,True,
REFKPFWRKJE3E,five_star,5.0,Highly recommended!!!,"I have tried many toners and just when I thought I liked the toner I was using, I was introduced to TONYMOLY’S Milky Toner and it was a game changer. There is no other toner that leaves my skin hydrated, bouncy, and glowing. I literally have glass skin people are asking about. This milky toner is a must have in your skincare routine.",Mo,Reviewed in the United States on 18 March 2026,True,
R29J46RZBBWSY0,five_star,5.0,"Milky, Hydrating, and Worth Every Drop","I recently tried the TONYMOLY Ceramide Mochi Toner and it’s quickly becoming one of my favorite hydrating toners. The texture is milky and slightly thicker than a typical watery toner, which makes it feel really nourishing on the skin without being heavy or sticky.

It absorbs beautifully and leaves my skin feeling soft, plump, and hydrated — almost like that “mochi” bouncy texture the product name describes. I also love that it contains ceramides, which help strengthen the skin barrier and lock in moisture.

I have combination dry and sensitive skin, and this toner layers really well with the rest of my routine without causing irritation. It’s especially great for prepping the skin before serums or makeup. After using it consistently, my skin looks smoother and more hydrated overall.

Overall, this is a great everyday toner if you’re looking for something hydrating, barrier-supporting, and gentle enough for sensitive skin.",Angelica,Reviewed in the United States on 17 March 2026,True,
R22ODEFHHMGB63,five_star,5.0,My new favorite toner for glass skin,"I’m actually so surprised by this toner. Most toners that I’ve used tend to dry me out and tighten my skin, but this one feels as if I slept overnight in the most luxurious collagen mask. I can’t believe how hydrated and glassy this makes my skin look. I am obsessed!",Marissa,Reviewed in the United States on 17 March 2026,True,
R1EBJEHW2XZ4HX,five_star,5.0,Hydrating!,The feeling is soft and hydrating!,Katie F.🐝,Reviewed in the United States on 17 March 2026,True,
R2NGRXI9XV5FTM,five_star,5.0,Milky hydrating toner,I really like this toner! It’s super moisturizing and is great for the face and body. I highly recommend putting some in a spray bottle and using right after the shower.,Alexis Nolen,Reviewed in the United States on 17 March 2026,True,
R1T61YG62VXV30,five_star,5.0,Milky toner ⭐️⭐️⭐️⭐️⭐️,"This toner is truly 5 star. Firming & hydrating my skin, leaving a glass like look! I highly recommend & cannot wait to see the glow my skin has after consistent use!",Katie Moseley,Reviewed in the United States on 17 March 2026,True,
R26R28XT9EBGXG,five_star,5.0,glass skin achieved!,super hydrating and left my skin glowing!,Amazon_Purchaser,Reviewed in the United States on 17 March 2026,True,
RWF6XCJ6PL12B,five_star,5.0,Ceramide Toner,"This toner is so good for sensitive skin it, when I first used it, my skin felt so soft and smooth, as well as super hydrated as well, leading to my skin feeling amazing as well as the ingredients list, which features a blend of hyaluronic acid, and ceramides, making this a great toner for all skin types.",Jerry H,Reviewed in the United States on 16 March 2026,True,
R2LH08CIDS6T0N,five_star,5.0,Toner for a glow,I love how hydrating and brightening this toner is! It gives my skin such a glow - i apply after I've cleansed and before a serum and I see such a difference in how my skin looks and it's texture as well.,sophieg,Reviewed in the United States on 16 March 2026,True,
R3TKQEN6I5V1S3,five_star,5.0,Amazing toner!!,"I absolutely love the TONYMOLY Milky Toner! It feels so cooling and incredibly hydrating on the skin. My skin feels soft, bouncy, and looks so glowy and refreshed. It gives that smooth, radiant glass skin look that everyone loves. I especially love using it before the TONYMOLY Melting Maskt, together they’re the perfect combo for a simple glass skin hack because the toner hydrates and the mask helps lock everything in for that bouncy glow.",Nadia,Reviewed in the United States on 16 March 2026,True,
R3EFH5J9V1G09G,five_star,5.0,Hydrating and Glowy!,"I am really liking the toner because it is highly hydrating, leaving my skin feeling plump and radiant. It works especially well for dry skin, providing deep moisture and a healthy glow.",Fayeza,Reviewed in the United States on 16 March 2026,True,
R3IPOK9LMQWIF5,five_star,5.0,Adding this to my daily skincare routine!,Love this toner! It’s super lightweight but very hydrating and makes my skin feel soft and bouncy. It absorbs quickly and leaves my skin looking fresh and glowy without any stickiness. Definitely a staple in my routine!,Alli,Reviewed in the United States on 16 March 2026,True,
R2U9G43376QTL6,five_star,5.0,Wow my skin is so hydrated!,"The toner is lightweight but still very hydrating, and it leaves my skin feeling soft instead of sticky. It layers well with the rest of my skincare and gives my skin a nice healthy glow.",jason,Reviewed in the United States on 16 March 2026,True,
R1PLUEU62S1JY6,five_star,5.0,Glass skin makeup prep,My holy grail for glass skin. This stuff is so hydrating and works as the perfect makeup prep before moisturizer! Obsessed 😍,Veronica Rodriguez,Reviewed in the United States on 15 March 2026,True,
R3KA1O6X49RVBD,five_star,5.0,Lightweight Hydrating Toner,I love how this toner from TONYMOLY hydrates my skin and makes it look and feel smooth. It has a milky texture I like and absorbs well and quickly into my skin. I like how my dry skin feels moisturized after using this toner.,Melissa,Reviewed in the United States on 15 March 2026,True,
R2K29MCDYC4N6A,five_star,5.0,hydration and softness to your skin.,It has a very refreshing consistency. It soothes the skin and isn't heavy at all. This toner is excellent for providing hydration and softness to your skin.,Paola Santana,Reviewed in the United States on 15 March 2026,True,
R3K872ABMETNBC,five_star,5.0,Must try toner!,I really love this mask! It leaves me with glass skin! It's so hydrating and moisturizing. It's a must have in your everyday day skin care routine!,Sammy,Reviewed in the United States on 15 March 2026,True,
R3B6WDCYOEA6J,five_star,5.0,Great for hydration,Perfect skin!! You should have this Toner on your routine,Charlotte Mejia Rodriguez,Reviewed in the United States on 15 March 2026,True,
R33UQGOCIXHIZ0,five_star,5.0,"Bouncy, dewy skin","Finally, a toner that moisturizes my skin, rather than making it feel dry and dull. This toner contains ceramides and it feels like it really protects my skin. It gives me a hydrating, Korean-style glow, and leaves my face feeling dewy and bouncy like mochi. Will absolutely re-purchase!",Amy E,Reviewed in the United States on 11 March 2026,True,
R5IOIBVF145LL,five_star,5.0,My favorite hydrating toner,"This is my favorite hydrating toner. It has a light scent, absorbs well, and feels great on the skin. You get a generous amount for the price and it goes on sale with some frequency. I pour some into my hand and pat it into my skin. You can do multiple layers but one layer feels plenty hydrating! Have repurchased multiple times.",victoriafee,Reviewed in the United States on 5 March 2026,True,
RG26MQJH38WB7,five_star,5.0,My Everyday Toner That I Always Repurchase,"Click to play video
This is one of those products I keep coming back to — I’ve already repurchased it several times.
It’s super hydrating, but still light enough to use every day without feeling heavy.

The texture is very watery and flows easily, so it spreads quickly and absorbs well wherever you apply it.
I usually pour it onto cotton pads and use it like a quick toner mask when my skin feels dry.

It instantly makes my skin feel soft and moisturized, and it layers really well under makeup too.
Simple, gentle, and reliable — definitely a daily staple for me.",Choi Ara,Reviewed in the United States on 29 January 2026,True,
R182GA5T090U3B,five_star,5.0,"Plump, Bouncy Skin in a Bottle","Click to play video
I’m honestly so impressed with TONYMOLY Mochi Toner!
First off, the 500ml size is huge — you’re getting major bang for your buck. The price point is super reasonable for how much product you actually get.
This toner does more than just tone — it seriously hydrates and nourishes my skin. It’s one of those formulas that makes your face feel plump, soft, and refreshed without any sticky residue.
If you’re into toners that give both moisture + nourishment and don’t want to run out in two weeks, this is definitely worth grabbing!",JE YESOL,Reviewed in the United States on 26 January 2026,True,
R1GKUZ0GWTNA4W,five_star,5.0,Super hydrating,"This toner has a lightweight, watery texture, but it’s incredibly hydrating. Even with just one layer, the Mochi Toner feels like applying both a toner and an emulsion at the same time. My skin feels deeply moisturized and noticeably softer after use. The bottle is generously sized, so I also use it on my neck and even my body. I highly recommend using it all over, not just on the face.",Jinju,Reviewed in the United States on 26 January 2026,True,
R2YPV4Z96O2ZUN,five_star,5.0,Especially great for dry or dehydrated skin,"I bought the TONYMOLY Ceramide Mochi Toner and I’m really happy with it. The texture is thick and milky, but it absorbs quickly into the skin without feeling heavy or sticky.
This toner is especially great for dry or dehydrated skin. Thanks to the ceramide ingredients, my skin barrier feels stronger and more moisturized throughout the day. I also noticed that my makeup applies more smoothly after using it.
This toner can also be used as a daily facial mist. I like to transfer it into a regular spray bottle and mist it onto my face whenever my skin feels dry. It provides an instant cooling effect and boosts hydration, making it perfect to keep at the office for quick refreshes during the day.",hanna,Reviewed in the United States on 26 January 2026,True,
R1ROHGKJZJUKWY,five_star,5.0,My dry skin’s new BFF!,"If you have dry skin, this toner is non-negotiable. It’s a 4 in 1 miracle! hydrating, moisturizing, absorbing perfectly, and smoothing skin texture all at once.

Since it’s a jumbo size, I can use a ton without worrying. I love using it as a ""toner pack"" before makeup. it makes my foundation sit SO well. I keep one in the bathroom and one on my dresser so I can prep my skin right after the shower and again before my main routine. My inner skin dryness is officially GONE.",sweet corn,Reviewed in the United States on 23 January 2026,True,
R295FC49RJZ65S,five_star,5.0,"Deeply Hydrating, Skin-Transforming Toner","This toner has been an absolute standout in my routine. After seeing how transformative a hydrating toner can be for the face, I began using one as a toner step for my body — and this formula has been exceptional.

The texture is milky and cushiony, absorbing effortlessly while immediately replenishing moisture. Used after showering and layered under moisturizer, it leaves skin looking smooth, supple, and luminous. My mature, typically parched skin feels noticeably more hydrated and balanced, with a healthy glow that lasts.

The generous size makes it an excellent value, especially for anyone extending their skincare routine beyond the face. It layers beautifully, never feels heavy or sticky, and delivers that coveted “plump, well-conditioned” skin finish.

Final take: A beautifully formulated toner that elevates body care into true skincare. If hydration and barrier support are priorities, this is one worth reaching for.",The HB Everyday Edit,Reviewed in the United States on 26 December 2025,True,
RB0184AAV1WE4,five_star,5.0,Great Milky Toner,I fell in love with this milky toner after reading reviews about it. The reviews were right. This toner is very hydrating and it feels silky on the skin leaving it soft and subtle. This toner is now a permanent part of my skincare routine. Shipping time was excellent.,De,Reviewed in the United States on 7 December 2025,True,
RA416A7BU269Q,five_star,5.0,Love it! 🩷,"A little bit thicker than water, but not much. It leaves my skin hydrated and glossy. And its repairing my skin barrier. I have even used it on my super dry legs. I love it.",Player One,Reviewed in the United States on 16 October 2025,True,
RJLNFHHV1QUHV,five_star,5.0,I LOVE THIS PRODUCT,"I absolutely love this product! First time user…pulled the trigger to try because of the great reviews. It makes my skin feel and look hydrated, and soft to the touch. Never had a toner give me great results.",LEI M.,Reviewed in the United States on 15 October 2025,True,
R1Y03J4OCSQHN6,five_star,5.0,"Hydrated, bouncy skin ✨","This stuff is amazing!!!! Such a great dry skin barrier support in the drier seasons. Absorbs well, leaves skin feeling hydrated and bouncy. The price is amazing compared to the amount of product you receive",KV Brows,Reviewed in the United States on 12 August 2025,True,
R3S4UU30W0N7IZ,five_star,5.0,Most hydrating toner you will ever try,"I am a skin enthusiast and love to try anything that will help with aging skin. Anything that will keep my skin hydrated is considered a great product for me. I am amazed with this ceramide toner. First off, TonyMoly is one of my favorite Korean brands. I have so many of their products that have become staples in my skin care routine. If you need hydration, this is the toner for you. The ceramide helps with the skin barrier and the milky consistency is so comforting. The bottle is huge! It will last you so long! The price point is amazing for a product like this. In all honesty, I have different toners that are double this price but I always come back to this one.",CTP NYC,Reviewed in the United States on 27 April 2025,True,
RRTVR5E3DL1R1,five_star,5.0,HOLY GRAIL,"This is my third bottle. Not only does this toner last forever, it's a really good price for the amount of product you get. I've strayed away, thinking I could find a toner I loved as much as this, but I always come back. The main selling point of this toner is the hydration. This stuff hydrates like crazy. My skin? It looks phenomenal after I use it. What I didn't realize was that it actually was helping with my skin texture. After I ran out of my last bottle and tried something different, I noticed my skin texture was looking pretty bumpy. It doesn't give you flawless skin, but for me it does help the texture.
I love this stuff.
It does have a scent, it smells like fruit loops to me. Very sweet. I typically don't like my skincare to have a fragrance, but this is not overpowering once on the skin.

A note: I do have combo skin. I have severely dry areas, while my cheeks and forehead are super oily. This toner works perfectly for me.",Sadie,Reviewed in the United States on 25 March 2025,True,
R39SBBEVNH03DZ,five_star,5.0,Holy grail,I love this toner. It feels cold on your skin (I apply with my hands) and adds a layer of moisture. It leaves a nice glow and my skin feels hydrated and nourished. I use it day and night year round and even mix it with bronze drops or concealer when applying make up. I will forever repurchase.,Karyn Koske,Reviewed in the United States on 14 February 2025,True,
R35SC87LRTZBK8,five_star,5.0,Great moisturizing toner!!! This will definitely be a staple in my skincare routine,"I love this product!!! Lightweight, absorbs into the skin with ease, no artificial smells or colors added!!! And you get a lot of product for your money!!!! It's a great replacement for rice toners, which are super hydrating, but my skin doesn’t like rice toners.",Qwentina Rideoutt,Reviewed in the United States on 5 January 2025,True,
R2YRGFK8QC9S9I,five_star,5.0,Me new favorite product,This is a must after cleansing and showers to keep your skin plump and hydrated.,me,Reviewed in the United States on 23 August 2024,True,
R2JV56BM3MMBK2,five_star,5.0,One of my faves,This is honestly honestly a great toner for your face or your body such a great value for your money. It is very hydrating and soothing.,Jamie Michelle,Reviewed in the United States on 8 June 2024,True,
RU6N0CHJBPD9U,five_star,5.0,So hydrating and good for sensitive skin,"I'm so happy I finally bought this! I bought it on sale and it came out to a little over 15 bucks and you get 16.9 oz! I have dry skin and sometimes can be sensitive and reactionary. I'm always looking to add hydration back to my skin but without having to use or buy or even spend money on another hydrating serum, rather spend it on my retinol or other actives. This adds soo much hydration back to my skin after washing my face without feeling sticky or tacky. I've noticed a difference in just a few days, with my face looking more dewy and supple, lol- I guess is the right word?! It has great hydrating ingredients and other good ingredients for sensitive skin. I have so many toners and my hydrating ones weren't really doing it for me and kept having to search for one and I finally found it. Besides my exfoliating one by some by mi (the green one) I really don't see me using my other one now. My cerave one isn't bad but can feel a little tacky and greasy, the cosrx propolis one I was surprised that I didn't like it since I loveee their ampoule- wasn't that hydrating for me, maybe better for summer months and then I have the hyaluronic black rice toner from haruharu - for the price you only get 5ozs it's not that good for me to justify buying it- which again I was shocked because people raved about it for dry skin! I will say it's not bad at all! but for the price and ounces you're getting, it's not worth it. I didn't think it was that hydrating. This is why I'm saying this is soo worth it, even at full price I would get the 10oz one if it's not on sale bc it has a pump! This one doesn't but I'll probably buy a bottle on here to put it in, especially for travel or overnights. I'm thinking of also even adding it to a mist spray bottle I have and use it like I use my cosrx ceramide mist - which I love.. ceramides just do it for me and my skin!!! But it it's worth it and you will not need any other toner except for an exfoliating one. I was wanting to try the some by mi beta panthenol one- I still might if it goes on sale but I noticed milky toners are probably the best for my skin type! I only ever write reviews if I love it and I would spend my own money on the product! Usually I wait to see the effect it has on my skin after using it for few weeks but I didn't need to with this. I noticed the effects within days! Hope this helps✨️✨️✨️",Michael Giordanella,Reviewed in the United States on 13 April 2024,True,
R71E8YIA0ENQG,five_star,5.0,So hydrated,I felt like dewy n hydrated face.,KG,Reviewed in the United States on 3 March 2024,True,
R2EDI7QF6QR6V6,five_star,5.0,Thick consistency. Very moisturizing,Leaves skin supple and hydrated. Use as my first step after cleansing. Similar to Rhodes glazing milk.,Liza,Reviewed in the United States on 16 January 2024,True,
RK1ULLXJU77C0,five_star,5.0,One of my favorite skincare products EVER,"I have combination skin and I’m in my 30’s (although I started using this in my mid 20’s). And I will never be without it. I actually use it instead of moisturizer in the morning because I’m partially really oily in a humid climate, then I layer targeted serums on top and hydrating sunscreen. This product is holy grail level, especially if you use retinols or retin a, you can layer it to fit your needs.",Sara Grant,Reviewed in the United States on 5 October 2023,True,
R3HK9163CCHM0R,five_star,5.0,"very gentle, smells lovely","this is amazing, if even went in my eyes and didn’t sting it’s so soothing and makes skin feel soft an plump",marlon driver,Reviewed in the United Kingdom on 2 May 2026,True,
R17K9ILGFJKWPE,five_star,5.0,Underrated,"I feel my skin is better.
Great value for money.",Avid reader,Reviewed in the United Kingdom on 29 April 2026,True,
R2DO0CWIIH0VTT,five_star,5.0,Great for sensitive eczema-prone skin,"Lovely, gentle milk toner, great for my sensitive eczema-prone skin!",Asrafizra Kunjang,Reviewed in the United Kingdom on 25 April 2026,True,
RG1D826EXY90I,five_star,5.0,Nice on the skin,Very very good,Anasty,Reviewed in the United Kingdom on 21 April 2026,True,
R22D24ZWX3RDT6,five_star,5.0,Very suitable for sensitive skin,"Suitable for sensitive skin, no clumpy feeling after using. I using tavo or three times per day, some days not using any cream at all. Very happy with this milky toner",jura,Reviewed in the United Kingdom on 14 April 2026,True,
R2US0GPT0DZ1AC,five_star,5.0,Great product,Great product. Really keeps the skin moisturized and smooth,Christine Cornan,Reviewed in the United Kingdom on 13 April 2026,True,
R1JVCYWBU0SU78,five_star,5.0,Best for dry sensitive,"Best for dry skin undermakeup and very refreshing...
Thanks to amazon suggestion and all the positive reviews my skin is sensitive and dry it really helps me in winter",Dania Jehan,Reviewed in the United Kingdom on 4 April 2026,True,
R7ZIUYNPT63L1,five_star,5.0,Superb toner!,"One of the best toners in the market. Skin feels plump immediately after use. Fast absorbing, non sticky and great value for money. Highly recommend this product.",Kindle Customer,Reviewed in the United Kingdom on 23 March 2026,True,
R793SNNDNTNSP,five_star,5.0,Wonder cream,I love this product my skin gets smoother and glowy after two weeks,Carmen,Reviewed in the United Kingdom on 11 March 2026,True,
R2W5K9PVI21OO6,five_star,5.0,I love it,"I like that this toner is big enough to last me for couple of months, aside that it's works so well on my skin",Losh,Reviewed in the United Kingdom on 2 March 2026,True,
RS1KBER06JRDW,five_star,5.0,Great buy.,I was very skeptical about this toner however after using it for over 3 weeks I have noticed a difference in my skin’s appearance. As we all know it’s very hard to find a beauty product that works. It may not be for everyone but it’s good for me. Love it.,Joanne,Reviewed in the United Kingdom on 22 February 2026,True,
RN7YPTSWNP4X7,five_star,5.0,Brilliant,I like how it makes my skin feel bouncy and glowy.,Erika Klavina,Reviewed in the United Kingdom on 15 February 2026,True,
RKU8DSVCHRS44,five_star,5.0,Love this for my skin!,Love this for my skin!,Amazon Customer,Reviewed in the United Kingdom on 22 January 2026,True,
RVRRPOHWA2FLG,five_star,5.0,Tonymoly is my holy grail 🫶,I love this product. The moment you apply on your face it dries off within a twinkle of an eye and makes your face glow like a baby. It’s suitable for a blemish skin type.,Peace,Reviewed in the United Kingdom on 13 December 2025,True,
R3D4IA0FB1ACSK,five_star,5.0,It works,It has helped my acne prone skin a great deal… looking forward to a clearer skin as I continue usage.,Dainty,Reviewed in the United Kingdom on 2 December 2025,True,
RL0XO0AELJFOA,five_star,5.0,Perfect for dry skin,"If you have dry or dehydrated skin, this would be an amazing product. Unfortunately my skin is oily so because this is so thick, it sits on my skin and i worry for serums being able to absorb though so I only use it when I dermaplan or exfoliate. Smells nice, lovely texture, massive bottle.",CL,Reviewed in the United Kingdom on 22 November 2025,True,2 people found this helpful
R2RK5RJ57508AJ,five_star,5.0,Moisturising,"This is moisturising and I feel it helps protect my skin barrier. It smells like it has tumeric in it. For a toner that feels good on the skin, I wish it smelled good too.",Ms_O,Reviewed in the United Kingdom on 23 October 2025,True,One person found this helpful
R2XBJZX88AJBVZ,five_star,5.0,Glowing skin,Love this stuff,D.wight,Reviewed in the United Kingdom on 13 September 2025,True,
R13295FX2VCFZF,five_star,5.0,Wonder ceramide toner,"Highly recommend 👌
Gives you Glass skin and beautiful glow
Repairs skin barrier and great for sensitive skin",Daniella Ken,Reviewed in the United Kingdom on 19 August 2025,True,2 people found this helpful
R1NQLA4VO4ZV42,five_star,5.0,Amazing,Absolutely love this product I use it on my face & body. Very nice have been using it every day & can feel & see that my skin has improved.,Miss P.,Reviewed in the United Kingdom on 2 August 2025,True,One person found this helpful
R2ZWVPDLPO3Q2E,five_star,5.0,amazing,"Absolutely love this, makes my skin feel smooth and glowy",Kat,Reviewed in the United Kingdom on 12 January 2025,True,
R1IUKWEBSR115D,five_star,5.0,Amazing product,Very nice toner first time in my life I tried toner but this toner number one very good for dry skin amazing results I show so many people reviews on this that’s why I buy 10 star I will give if there is 10 star,Kiran Kakkar,Reviewed in the United Arab Emirates on 3 June 2026,True,
R25VOBBUXDM3DO,five_star,5.0,"Good quality for this price, feels good on the skin","Good quality for this price, feels good on the skin",Nataliia Samsoniuk,Reviewed in the United Arab Emirates on 31 May 2026,True,
RYPUU1ISMY8UX,five_star,5.0,Definitely a Wonder,I love this stuff! It tones well without making my skin feel tight. It is also gentle enough that it doesn't irritate my excema.,Laurie M. King,Reviewed in the United States on 4 May 2026,True,
R1RS6FZ05RH2A3,five_star,5.0,Very good,"Five star. Fanatic product especially if you used active like tretinoin, azelaic acid and aha. This milky toner help and protect the skin barrier.",Sarah odunibosi,Reviewed in Germany on 29 April 2026,True,
R167A8Y8A8NFXC,five_star,5.0,Got for it..,Nice moist toner. Most of the days in all I use is this and skin feels fresh.,Customer,Reviewed in India on 14 April 2026,True,
R2MAI52JQEQV31,five_star,5.0,So good for radiant skin!,I absolutely love the TOMYMOLY Wonder Ceramide Mochi toner! It is so milky and makes my skin feel glowy and radiant!,Amaya,Reviewed in the United States on 3 April 2026,True,
R2XNN33AO16YF6,five_star,5.0,Been using it daily,found out about this through a friend and really like how it makes my skin feel after washing. i feel like my skin is now plumper and more even after using this,Jean,Reviewed in the United States on 2 April 2026,True,
RG6MFJFM5KPP,five_star,5.0,LOVE THIS TONER !!!,I love this toner! It really brightens my skin and minimizes my pores ! Would definitely buy again,Aaniyah Welmaker,Reviewed in the United States on 1 April 2026,True,
R3SUB8G9PG048Q,five_star,5.0,Amazing Toner!,"I am absolutely loving this milky toner - my skin has been glowing in a way I didn't know was possible! It really does achieve that glass skin effect, and you really get your money's worth with how much product you get. I've been generously using this everyday for weeks and still have over 75% of the bottle left. Highly recommend!",Carly,Reviewed in the United States on 1 April 2026,True,
R30JLQAVHIPTG6,five_star,5.0,Must have in your routine for glass skin,"Such an amazing toner, left my skin glowy and moisturized definitely would recommend 10/10",Domeiry G,Reviewed in the United States on 31 March 2026,True,
R27AXOY3ZMWR9P,five_star,5.0,TÓNER TONYMOLY the best,One of the best tonics I've ever tried in my life has been this one. Definitely Korean products have come to revolutionize the world 🌍 since they do an extraordinary job on our skin.,Milka Kelly,Reviewed in the United States on 31 March 2026,True,
R36TWTO8K8K6BZ,five_star,5.0,Glowy skin,Great product! Leaves my skin feeling nice and glowy!,Mitchell Adray,Reviewed in the United States on 31 March 2026,True,
R16DEP9M1D5N78,five_star,5.0,Glass skin toner,The perfect moly toner for dry skin and absorbs easily into skin giving a glassskin finish ✨,Syed,Reviewed in the United States on 30 March 2026,True,
R1CRMJXE4SKQLL,five_star,5.0,Glass Skin,"Love this toner, it’s helped me achieve the glass skin I’ve been looking for as I layer it on.",Bano Choudhry,Reviewed in the United States on 29 March 2026,True,
R1BF1O49INZ77A,five_star,5.0,Make sure to apply 2 to 3 times,It gives that instant glass skin!!! Get it,Moke,Reviewed in the United States on 29 March 2026,True,
R3NYH4U3ABWQ00,five_star,5.0,Amazing toner!,"This product is super soft and light on my skin. I have dry skin during the spring seasons, and with this product, I feel like my skin has been rejuvenated. Its creamy consistency makes for easy application and absorption into my skin as well. This product will definitely make it’s way into my skin care routine!",Litzy,Reviewed in the United States on 29 March 2026,True,
R34GN59M47J3JO,five_star,5.0,Glass skin effect,Wanted to try this as I’ve heard it gives a glass skin look. It does! I love how glowy my skin looks under makeup.,Samantha Malvey,Reviewed in the United States on 27 March 2026,True,
R29VOVAV06Z8DH,five_star,5.0,Toner,This toner is very gentle on the skin; I really liked using it with the mask. I highly recommend it—it’s my best purchase.,Ashley Villaman,Reviewed in the United States on 27 March 2026,True,
R1XYYRLAYNHO6V,five_star,5.0,Feels great,Love the feel of the toner it's great for everyday use and absorbs into skin quickly!,Melissa,Reviewed in the United States on 26 March 2026,True,
RRB0G5EQXD690,five_star,5.0,I’m in love,"I’ve been loving this toner since the very first use. My skin was really dry and felt rough to the touch, but from day one, it started to feel so much softer and more radiant. It’s made such a noticeable difference, and my skin just feels healthier overall.",Laura Núñez,Reviewed in the United States on 25 March 2026,True,
R2MC2SXXD0YWP3,five_star,5.0,GLASS SKIN,My skin drinks this up it’s an amazing product! Very moisturizing!,Jay b,Reviewed in the United States on 25 March 2026,True,
R23FT7B9M3AZCB,five_star,5.0,This toner is fantastic,"I really like this toner. It’s lightweight, refreshing, and absorbs quickly without leaving any sticky feeling. It keeps my skin soft and balanced, and it hasn’t caused any irritation. Great for everyday use.",Heart,Reviewed in the United States on 23 March 2026,True,
R3RCTV1E5OXAQQ,five_star,5.0,glass skin guaranteed,"I absolutely love this toner. I paired it with their face melt masks, and it literally gave me a glass skin finish. My skin was glowing and soft I highly recommend, the toner especially is very thick and perfect to use as a makeup base!",mich3lle,Reviewed in the United States on 19 March 2026,True,
R2DZ0X93BP0FZM,five_star,5.0,Amazing Results for Aging Skin!,This is amazing for aging skin! After using it for a month 3 nights a week the texture of my skin is so much smoother and softer!,Rochelle Ensworth,Reviewed in the United States on 18 March 2026,True,
R1HLCYXI0C396P,five_star,5.0,Feels so good on my skin,Feels so amazing on my skin already going to buy another bottle,"Yamara ""HeyMe""",Reviewed in the United States on 18 March 2026,True,
R14T5QQNQRA51Q,five_star,5.0,love this product,makes my skin look so good and smooth,Kristina,Reviewed in the United States on 17 March 2026,True,
R1SOLT2W78ZWBA,five_star,5.0,Best,Very good toner,Sierra,Reviewed in the United Kingdom on 30 April 2026,True,
RIDOURITMWAR7,five_star,5.0,Good,Good,Mfon Effiong,Reviewed in the United Kingdom on 25 April 2026,True,
RN77SQML95HXC,five_star,5.0,Great toner,"I have been using TONYMOLY products for over 10 years. Most of their products are of good quality and meet their intended purpose. Most importantly, their prices are competitive.",T Chan,Reviewed in the United Kingdom on 1 April 2026,True,One person found this helpful
REHDFDLY3XZWM,five_star,5.0,Good Value for Money!,Good value for size. A must have!,MBoa,Reviewed in the United Kingdom on 17 December 2025,True,
R375X0OJ2F8G0V,five_star,5.0,Good toner,"2nd purchase and I’m so in love with it, big bottle so it lasts for a while",Peace,Reviewed in the United Kingdom on 9 December 2025,True,
R39TGB5MZL6OFB,five_star,5.0,Good product,Good,Swastika Tamang,Reviewed in the United Kingdom on 19 October 2025,True,
R1AQZ3BUDDR3HL,five_star,5.0,Good,Significantly reduced redness an rosacea on my face I’m now on my second bottle I don’t think I could live without this product now,Looks like photos,Reviewed in the United Kingdom on 27 July 2025,True,2 people found this helpful
R21E15S07HXM2X,five_star,5.0,Happy,Good,Konima Bangura,Reviewed in the United Kingdom on 23 April 2025,True,
RYUZLW5O32CM4,five_star,5.0,Good,Gets the job done,I recommend,Reviewed in the United States on 25 April 2026,True,
RTX9OHP3V6GSE,five_star,5.0,Very good product,Screen base nice product,Roli Singh,Reviewed in India on 15 April 2026,True,
R1F3E6EMLZ00OZ,five_star,5.0,Good,Good product,Tsheten Tamang,Reviewed in India on 30 March 2026,True,
R3P6SLECWJ2KLA,five_star,5.0,amazing toner!,i’ve used kbeauty multiple toners but this one definitely tops them all! such a big bottle for a good price!! i love this toner,jenni,Reviewed in the United States on 27 March 2026,True,
R204PRZBNU5DKS,five_star,5.0,Excellent product,A very good product; it arrived intact and in good condition. Excellent!,ANONIMO,Reviewed in the United States on 16 March 2026,True,
RI2SAIMKIP2UY,five_star,5.0,Good job,"The toner worked very well, moisturizes wonderfully, makes the skin glassy, nourished, radiant",Olena,Reviewed in the United States on 15 March 2026,True,
R1H3EK25UADF29,five_star,5.0,Love this,Good for skin and pocket,SWAGATIKA,Reviewed in India on 25 February 2026,True,
R13FV3ZFR45AGG,five_star,5.0,Value for money,I finished one bottle and it extremely good. Value for money.,Kindle Customer,Reviewed in India on 23 February 2026,True,
R3CNK45Y9QPUXQ,five_star,5.0,Good,Love it,Gifty,Reviewed in Sweden on 15 November 2025,True,
R9R1FWERZ5F8J,five_star,5.0,Loved It!,"I have been using this toner, and I totally love it! My skin is very sensitive and dry, and my friend recommended this to me. I decided to give it a try, and within a week, I started noticing a change in my skin texture as it became soft and clear, and my pores shrank. Though I haven’t achieved that glass skin yet, but I have seen many positive results on my face.

It's a big bottle, so it will last for a good amount of time, and price wise, I found it worth it. I use it twice a day, after washing my face in the morning and before bedtime. It has become my favorite and most important part of my skincare routine, and I absolutely love it!",John Stumbo,Reviewed in the United States on 18 March 2025,True,
R3GYKJB8LSMEEK,five_star,5.0,"Amazing product, best skincare ever","I am 13 years old, and my mom ordered this for me, as my acne was worsening day by day, and other skincare products I used did not seem to affect my skin in any way at all and instead seemed to irritate my skin since I'm still young. She got this product for me, and it is so good! I just apply it to a cotton pad and then to my face. Probably the best skincare product I have ever used, It's very delicate on the skin and gives a glassy/shiny look to it.

I RECOMMEND using a moisturizer afterward since it deeply cleanses your face but dries your face a bit at the end.",Amazon Customer,Reviewed in the United States on 27 October 2024,True,
RJQ8GGQMET407,five_star,5.0,Great price- favorite toner,"If you can ever get a good deal on this toner, snatch it up. It's my all time favorite daily toner. Not drying, smells so good, and leaves my skin soft and moisturized. Extremely refreshing, non sticky, and wears well under other product including makeup. Tonymoly is one of the best afforfable skincare lines on the market. Wins all around.",Rachel Jensen,Reviewed in the United States on 27 September 2024,True,
R1XKMOQMCDJFB1,five_star,5.0,NO WITCH HAZEL!😊,"From doing a lot of comparison of dozens of toners/essences, I finally found this one without Witch Hazel !

Witch Hazel is wonderful and has many good qualities, but it's an astringent. As an older woman with normal/dry skin, WH is the last thing I need .

The inclusion of ceramides along with other. quality ingredients is what *sold* me on this product...along with the price-per-ounce.

I do not waste it by using any cotton balls, instead I pour a bit in the palm of my hands and press/pat it into my face.

I am new to using this type of *toner* and excited to wait and see how my skin has responded in a month or so.. (I don't believe in expecting any product to produce instant results)

There is a very light, pleasant temporary scent, nothing strong or permanent.

I always lightly shake the bottle, although it's not required..it's a personal *quirk* I have!",jumptherope,Reviewed in the United States on 5 July 2024,True,
R30NNWS6X3XOIO,five_star,5.0,Good for sensitive skin,Very gentle and refreshing. One of my favorite toners. Good value too- comes with a lot!,Candace,Reviewed in the United States on 31 May 2024,True,
R3OF2KF5UY6GKW,five_star,5.0,Love it,Smells good. Feels good. Great value for the money.,All Things Drea,Reviewed in the United States on 29 May 2024,True,
R2BIDGFQKRAW4G,five_star,5.0,Moisturizing,What's not to love about a huge bottle of essence that could double for some as a moisturizer. Good price no smell. Happy with the purchase. I'm on the drier side so my skin drinks it up. Absorbs it quickly. Helps my skin stay moisturized.,ASHLEY,Reviewed in the United States on 12 April 2024,True,
RZ19GWWE30DFR,five_star,5.0,Great stuff,I love using this toner. Very good for sensitive skin and does not irritate at all:)!,Zoe Rodriguez,Reviewed in the United States on 2 December 2023,True,
R1X09FYYW7KFP9,five_star,5.0,Love it,"Just recently found out about toner, and then found out how expensive it is. This after a lot of research was the most affordable option with good ingredients. Now that I’m using it I see how little I use every day. It’s supposed to have seven layers on your face every morning. This really works and I feel my skin is good all day.",Debi,Reviewed in the United States on 2 May 2023,True,
R3N3QVJIC1SRQ9,five_star,5.0,My favorite!,"I got this at a Chinese market and loved it instantly, I use it everyday and it smells good! Definitely would recommend.",Brenna,Reviewed in the United States on 24 April 2023,True,
RE3M494L1HQA1,five_star,5.0,Best toner I’ve used to far,"I definitely have seen an improvement in my skin after using this! I was running low on my previous toner that was made from snail mucin and I saw online that milky toners were supposed to be pretty good. This is the best bang for your buck, it has a slight lemony clean smell but I don’t mind it and fragrance typically doesn’t irritate my skin. I’ve been using it for a month now and I’ve barely left a dent in the bottle",Isabelle,Reviewed in the United States on 1 December 2022,True,
R2FTYLDOR94W6C,five_star,5.0,after two months I love it!,"To start off, I have combination/oily skin and this product worked really well for me. i was concerned it would make me break out, but my skin reacted really well to it. my acne has cleared up a lot. It says it's unscented, but i feel like it has a veryyyyy slight almost lemon sort of scent, but it's very faint and vague and it goes away relatively quickly. this isn't like the toners we typically use in the US, which usually have alcohol or something like that. the consistency of this product is a little thicker than water, but still very much liquid. i think it does a good job of balancing cleaning leftover impurities from the face and leaving it moisturized. I've been using this bottle for two months now and I'm still not done with it! my sister and mom use it sometimes too and it still hasn't run out. my skincare routine has a lot of steps these days so i can't say 100% whether this toner is the key to clearing up my acne but i think it definitely helps, and I'm for sure going to stick with it. overall i really recommend it.",Mariana Carmona,Reviewed in the United States on 27 July 2022,True,
R28B9AWRPWDY1Y,five_star,5.0,Great - gentle and hydrating,"I had to up my skincare game during the pandemic because I kept breaking out while wearing a mask. Being in my early 40's I wasn't really sure where to start since I haven't had problems with acne since I was in my 20's. Found this product by watching YouTube skincare videos and I love it! I had no idea a toner could be moisturizing or gentle. Has became my go to and I will be reordering. I just put a little on my hands and smooth onto my face, neck and chest both morning and night. The bottle is a good size and has lasted quite a while. It doesn't really smell like anything to me, which is great because I hate added perfume in cosmetics.",Gwen Eberhart,Reviewed in the United States on 23 October 2021,True,
R1GS2A5XZA30RB,five_star,5.0,Soothing to my dry skin,"I am using this as part of my Foreo light treatment. So far so good, no rash, no sensitivity, and it absorves with no sticky residue. I can't say that this has done wonders for my skin since I use a strict and strong regimen but I will be buying it again since I am pretty satisfied with the level of moisture and luxurious feeling in my skin when I apply. I use it 7 days a week as part of a sheet mask treatment with my foreo.",norman duarte,Reviewed in the United States on 19 January 2021,True,
RJXGC9BYST3S5,five_star,5.0,Amazing,It’s made my pours smaller and it smells good,Tania Padilla,Reviewed in the United States on 4 January 2021,True,
R156NI98NJNU1J,five_star,5.0,JUST BUY,"I *LOVE, LOVE, LOVE* this product. It delivers the ceramide goodness I want, moisture and protection. I can use this in lieu of a lotion or underneath more occlusive products or event oils. I have been looking for a ceramide toner that delivers and this it is -- and its in a great quantity!",James,Reviewed in the United States on 1 November 2020,True,
R2KU20I9DB1DV7,five_star,5.0,good product,I love 9t,MightyMake,Reviewed in the United States on 16 September 2020,True,
R2YB44L6TE5SLW,five_star,5.0,So far so good,Just got this and so far so good I just started using it,Diana,Reviewed in the United States on 8 September 2020,True,
R31LXI0JHCQ7C8,five_star,5.0,Hydration,I recommend this toner. It is really hydrating. Good for the price. Item for kebauty skin care routine!,junyu l.,Reviewed in the United States on 16 July 2020,True,
RGM1R669KCIZM,five_star,5.0,Good for my skin,"I bought this first in Korea at TonyMoly Store, and my skin is happy on the results for using this product, I do use it to my husband too.",CARMI KAWASAKI,Reviewed in the United States on 27 May 2020,True,
RYC5YGO9FMJ0M,five_star,5.0,Works for me,My face feels softer and less dry. It also brightens up dull skin.,Amazon Customer,Reviewed in the United States on 19 February 2026,True,
R27ROA8F4TWV1M,five_star,5.0,Best moisturizing toner,"I have been using this toner for a month now and I saw visible results in just 2 weeks. My skin is softer, more moisturized and smoother. I have dry mature skin, it usually looks dull and dehydrated. I use this in the morning, let is absorb for a few minutes and apply my moisturizer and makeup. At night, I clean my face, apply this toner and my moisturizer again. This is the closest I got to Korean glass skin. I have tried many expensive toners like Leneige, a rice toner, etc. They were all runny, and didn’t do much
This toner is milky, not too watery, a little thicker consistency and glides and absorbs well into my skin. And the bottle is big, will last a while.
Definitely my HG toner from now on.
Edit - this lasted me 4 months of using it both day and night, most days. I tried other tones after I emptied this but wasn’t as satisfied, so going to repurchase this again now.",Nima,Reviewed in the United States on 25 January 2026,True,
R1TVZVT88SX84S,five_star,5.0,Very creamy,"Perfect so far!
It has been 2-3 weeks and it does its job for the harsh dry winters in scandanavia!",Asmita,Reviewed in Sweden on 15 December 2025,True,
R25R6M1CAKN7RL,five_star,5.0,Highly recommend!,"So happy I found it on here! I love this stuff, it's a great light moisturizer, I use it randomly during the day and layer it at night. I have sensitive dry skin and it's never irritated me. It also works great for helping spread thicker lotion. I hope they never stop making this product.
I reccomend buying a pump for this bottle btw.",T.M.,Reviewed in the United States on 17 April 2025,True,
R11CO4MB9WEE1I,five_star,5.0,"If you've been toner hopping, this is the one to stick with!","This stuff WORKS. I've always had huge pores and splotchy coloring. Add to that a combination skin type and super sensitive skin, and finding skin care products becomes a headache. But I highly highly recommend this toner! My skin is soft, my pores look smaller, and I'm not breaking out as often. I am able to use it daily without irritation, and I haven't had to change it throughout the winter (our winters get really dry and I'm always having to switch up my products). Seriously, if you've tried a bunch without success, I recommend this one hands down.",Sav,Reviewed in the United States on 17 March 2025,True,
RSISPC2I03DJ7,five_star,5.0,Long lasting & so amazing for my skin.,"I bought this November 16th 2023. Today is November 15th 2024 & I am finally out, about to buy more. It literally lasted a year! I wash my face day & night, use this twice & still am only now almost out.
It is so creamy & helps with my dry skin. Its milky and feels so smooth onto my skin. My skin has cleared up a lot & this is the very first product I use after my cleanser. Super gentle. Buying once again!",Abri,Reviewed in the United States on 15 November 2024,True,
R1H8HZY0TOA8B3,five_star,5.0,My favorite toner so far!,"I'm in love with this toner! I love trying new face products and have bought several new ones to try out but once I saw that this went on sale, I had to buy another bottle. The normal price is already a great deal because of what a big bottle you get but definitely a huge plus when you get it on sale. This toner is light and refreshing but moisturizes so well for my sensitive and dry skin. I need to layer on a lot of product during the night so I am always looking for light feeling products because I really do not like the feeling of a lot of stuff on my face. I also like that it does not leave a sticky residue that some other toners seem to leave and the scent is also pretty light and pleasant. Highly recommend!",Katherine C.,Reviewed in the United States on 29 October 2024,True,
R3E23P3HWSJ99U,five_star,5.0,amazing toner,"this has quickly become one of my favorite toners, it's not drying or heavy in fragrance and as someone with oily skin this really helps me balance out. I initially bought this as a substitute for the laneige cream toner and it's something I'll be recommending to anyone I know; you get this huge bottle for a decent price and it's great quality too! love it!",natalie,Reviewed in the United States on 1 September 2023,True,
R2GXCHWCT25F55,five_star,5.0,My favorite toner,I have sensitive skin but at times it gets dry and red. This toner is amazing it is refreshing and I recommend it to everyone,Cinthia,Reviewed in the United States on 30 July 2023,True,
R3EJ9FG2NQONZY,five_star,5.0,"Incredible, my holy grail","I have combination skin that can get extremely oily thanks to my skin overproducing oil to try to fix the dehydration. But I also get extreme dry patches, especially in winter but also in summertime too. Unfortunately I'm also very acne prone, so I have to use salicylic acid cleansers to deal with that which makes the dehydration worse. My skin is also quite sensitive. I've tried different moisturizers, but I have to use oil-free moisturizers thanks to my acne, and none of the ones I tried were occlusive enough to cure my dry spots.

So I thought ""maybe a toner will help"" since that should be lightweight enough for my skin. I was really skeptical that just adding a toner would fix the problem, but I did my research. I found out that Korean beauty products are some of the best for sensitive, dry skin, and then I found out about Tony Moly toners on a forum. I was so surprised at how much of a value this was, even tho it's more money to spend up front.

I couldn't be happier!! My skin is so soft and this doesn't break me out. It has a light, natural citrusy smell, but it doesn't irritate my skin at all. My dry patches are COMPLETELY gone, and my skin isn't overly oily anymore since it's no longer dehydrated. I currently only use one layer of this at night since it's summer and I don't need a lot of extra help right now. But I'm sure a couple of layers morning and night - paired with extra moisturizer - will work just fine in winter!

Please do yourself a favor and try this!",Honeybunny,Reviewed in the United States on 18 July 2023,True,
R44WHP5A6AS7I,five_star,5.0,Laneige Cream Skin Toner Dupe!!!!,"This is definitely my favorite dupe for the Cream Skin Toner by Laneige!
Great for sensitive/irritation/redness, dry/dehydrated, or acne prone skin!
You get more ounces for a fraction of the cost :) I always have this on backup!
Please don’t stop making this! 10/10",Amperes Lawrence,Reviewed in the United States on 7 June 2023,True,
R188ZNXHT7FSRF,five_star,5.0,So soft,Literally saw results the day I tried them. I live in a humid and sunny city but I kept feeling my skin was so dry so I bought this a fixed everything in like a WEEK!!,Mai,Reviewed in the United States on 22 May 2023,True,
R2OV63DJO8GA1F,five_star,5.0,Great toner for the money,"I've been a devote of Asian skin care for years, so have tried dozens of different products including many of the most popular Korean toners. None have really wowed me. Until Tony Moly Wonder Ceramide Mochi toner. My skin has been feeling a little dry and lackluster this fall, I needed something to give it a little boost. This toner is thick and viscous, with a very light lemon scent. I skip the pad and pat a small puddle directly onto my face. I often let it dry for 30 seconds or so, then apply a second layer and let it dry. It has great film forming qualities, so it leaves a slightly sticky film on your face. After that I apply my serums and moisturizer. The result is a dewy, almost bouncy finish. The stickiness didn't last, once everything dries it goes away. I love this toner, and it's a huge bottle. Definitely keeping this as part of my routine.",Shea Milligan,Reviewed in the United States on 25 October 2022,True,
R3M7C7WLLNIYVW,five_star,5.0,"Too much fragrance for my face, but AMAZING on the body","I wanted to love this as a facial toner, but even though it was super moisturizing, the fragrance was too strong for the more sensitive skin on my face. BUT I didn’t want to waste it, so it tried using it as a body moisturizer, and it’s AMAZING. It’s so light but definitely gets the job done without me having to sit there and rub lotion in forever. I live in a very dry climate, and this has cut my body care routine time in half. Love it.",Chloe M.,Reviewed in the United States on 25 June 2022,True,
R30AWT83AQ3JF6,five_star,5.0,Awesome toner!,"I have super dry skin and I’ve been searching for a long time before I found this toner. I LOVE this toner and it goes well with my Kate Somerville Goat Milk moisturizing cleanser. I stay hydrate all day!!! I started using it from the middle of March and it’s only half gone, I think it’s worth the money. I’d definitely recommend this to anyone who has dry skin.",IluvLucyfan,Reviewed in the United States on 14 June 2022,True,
R3SGUZXNOP8E29,five_star,5.0,This is my favorite toner!,"This toner is my absolute favorite! The texture is watery, but thick enough to put right into your hands onto your face without losing it while putting your hand to your face. It is incredibly moisturizing, I have really dry skin and this toner has been the real MVP. Also will last you forever! Highly recommend!",Jazmin Leonard,Reviewed in the United States on 6 February 2022,True,
R130N7L3NEEB7,five_star,5.0,Love this toner!,"This mochi toner comes in a HUGE bottle so it lasts forever! It has a light, pleasant lemony scent that disappears as it dries. It is moisturizing for a toner, but obviously is not meant to replace a moisturizer. I really like it as a first layer of light hydration for my skin in the morning, which I follow up with a vitamin C serum and gel moisturizer. I have very sensitive and dry skin, and it has caused no breakouts or rashes. Works great and very pleasant to use!",Haley,Reviewed in the United States on 25 January 2022,True,
RQQNYXA17ENOW,five_star,5.0,"Ok, obsessed","It’s only day 2 and I’m obsessed. My aesthetician recommended that I get a moisturizing toner. Since I have dry, sensitive, and acne prone skin toners have always scared me. I decided to give this one a try as I saw raving reviews about it from people with skin like mine on Soko Glam (and here on Amazon).

It is so refreshing, my skin seems to drink. It. Up. And it smells like fruit loops. Win win win. I can’t wait to see how my skin transforms over the next few months!",Madison L.,Reviewed in the United States on 4 November 2021,True,
RCK0HMRI27I8J,five_star,5.0,Moisturizing toner,"This was exactly what I was looking for. It’s light but moisturizing, gentle and non irritating. The bottle is huge for the price so I just slather on multiple layers when my face is feeling dry. It does have a scent but I like it. Overall, solid product and very happy with it!",Susan,Reviewed in the United States on 25 August 2021,True,
R30JCNTLW11ER,five_star,5.0,Not for oily skin but dry,Love it.,Megan,Reviewed in the United States on 6 May 2021,True,
R1ZH92KNN88CMN,five_star,5.0,Definitely recommend this product!,"This product is amazing! I have sensitive, oily and acne prone skin, and this toner does wonders, it helps soothes and moisturizes my skin especially during winter. The consistency is a bit thicker than normal toners but it’s not sticky and absorbs quickly. As it has quite a lot of product, I also use it on my body before I apply my lotion and my skin has never been so soft in my life. My mom really likes this product too, she has sensitive and dry skin, and it helps calm down her rosacea.",Sheldy,Reviewed in the United States on 5 December 2020,True,
R2TPUJBMNUCO35,five_star,5.0,I adore this!,"LOVE it - I love all the Tony Moly stuff, and this one is no less adored! I'm in my late 40's, not many wrinkles (thanks to Grandma and my genes!) but I am dry. This is my first step in my K-Beauty routine both day and night. Light and fresh - very moisturizing and calming. After I've double-cleansed, I use this by just pouring a dime-sized amount into the palm of my hand and then patting it over my face (I tried using it as directed - with a cotton pad - but I felt like I wasted too much, and my pad was always clean, so I just use it directly on my face). I love the results, my skin definitely feels like MOCCHI - yummy, soft, supple, and moisturized. Fragrance is very light and mild, non-lingering, and the bottle is HUGE. Highly recommend.",Estarr1218,Reviewed in the United States on 29 July 2020,True,
RDYWCY91V9UVT,five_star,5.0,100% recommended for dry skin,Im in love w this toner!will purchase again😻,Aya,Reviewed in the United States on 18 May 2020,True,
R3QUJSYOL4RCLE,five_star,5.0,Love it,"I have dry and sensitive skin and I’ve been on the hunt for an alcohol free toner for a while now and came to this one here due to all of the positive feedback it got and after using it for a while I understand the hype. It leaves my skin feeling soft, It’s evened out a little bit of the redness I have in my cheeks and has a light pleasant smell to it. Would recommend to anyone.",Emily,Reviewed in the United States on 2 April 2020,True,
R29KCW6O38BB7I,five_star,5.0,I loved it ❤️,Really wonderful and my face instantly glows,prudhvikrishna,Reviewed in the United Kingdom on 24 July 2025,True,
R3KO1COE30O1H0,five_star,5.0,El glow perfec,"I love the products, the experience was very positive, they are the best skincare I've ever used, the mask is fantastic",Yacki Hernandez,Reviewed in the United States on 9 April 2026,True,
R7PWME55TI91A,five_star,5.0,Most affordable korean toner,Love this toner! So mositurising and lightweight. Great for everyday use,Amazon Customer,Reviewed in India on 1 April 2026,True,
R38BEHX93VFS9Y,five_star,5.0,Love it,I really like this stuff. This is gonna be in my routine forever now.,Abi,Reviewed in the United States on 27 March 2026,True,
RSBMO6IR7I176,five_star,5.0,Amazing product,"This product has been one of my favorites lately. I love that the size is so big, so it lasts for a really long time",Nour,Reviewed in the United States on 16 March 2026,True,
R1XYWW68SE209,five_star,5.0,Absolutely love these products!,"I recently tried the TONYMOLY Wonder Ceramide Mochi Toner along with the TONYMOLY Mask Melt Set, and I’m honestly so impressed with both.",Ruth Mañon,Reviewed in the United States on 16 March 2026,True,
RU2UZB4W738D7,five_star,5.0,Will continue to repurchase,I just want people to know I bought this from a TJ MAX a while back and LOVED IT and have been purchasing this toner and have tried may other products from the brand and literally everything has been amazing in my opinion!!,Amazing!,Reviewed in the United States on 30 January 2026,True,
R13UI83CB82CKB,five_star,5.0,Great skin plump,"I use this for my whole body, and plumps the skin nicely. I love it, will be repurchasing for sure.",yoann l.,Reviewed in Germany on 19 October 2025,True,
R2TX4KJP4L6K6X,five_star,5.0,Happy Camper,Wow. This bottle is huge. I tried a sample from their original website and I loved it. Then found a deal on prime day sale and it was worth every bit of it. It is bigger than the picture for 16 oz.,Kanwal,Reviewed in the United States on 9 October 2025,True,
R5PV7NTZ4OHI6,five_star,5.0,Revived my glow!,Absolutely love this! First time user but definitely calmed my skin and added the bounce it describes. I like using it right after my cleanser to rehydrate the skin before adding my cream-based skin products. (See before & after photos),Sara Rose,Reviewed in the United States on 2 September 2025,True,
RW6BNXNTZMODE,five_star,5.0,Wonder Potion for Perfect Skin!,"This toner is absolutely amazing! Leaves my skin feeling so soft and refreshed without any irritation. The lightweight formula absorbs quickly and preps my face perfectly for moisturizer. I've noticed my skin looks brighter and more even after using it consistently. The bottle is huge so it lasts forever, making it great value. Love how clean and simple the ingredients are. This has become a staple in my skincare routine!",Ryan Elmasian,Reviewed in the United States on 29 June 2025,True,
RHK3GEEYC9J8L,five_star,5.0,Amazing,I love this stuff. I don't even use a cotton ball--I just slather it on all over my face and neck twice daily.,"littleholzer, PhD",Reviewed in the United States on 17 December 2024,True,
RXH657PNCNDMZ,five_star,5.0,Feels like water,"Click to play video
I knew this toner because my husband love it. Feels like water. So moisturizing. Leaves a nice glow. Super Soft smell. This is my 3rd bottle now",Danih,Reviewed in the United States on 18 November 2024,True,
R23HIYHHMDDRVD,five_star,5.0,So soothing!,I actually got a sample of this in my online subscription bag. It was way more affordable on Amazon than anywhere else. I really love this stuff. I don’t even use lotion on my face afterwards because it makes my face very soft.,Megan Kemp,Reviewed in the United States on 2 August 2024,True,
RJ7BCH141KQB5,five_star,5.0,Works great! Buying it again!,I actually put this in a spray bottle and spray it on me after I get out the shower. Locks moisture in your skin! Love it and will order it again.,Rachel cooley,Reviewed in the United States on 18 June 2024,True,
R1M14MI01WKWDU,five_star,5.0,my new favorite,I'm a face essence -mist- toner addict. I love layering them or misting them thru out the day. this is my first time trying this brand and toner. I love the ceramides & found it has helped my barrier & kept me moisturized & glowy. I'm over 40 now and I'll take all the help I can get. fantastic value for such a large bottle. I press it on my face in my skincare routine & have added it to a mist bottle for my purse. the winter is harsh on my skin and I noticed a quick difference using this.,gibbie,Reviewed in the United States on 4 April 2024,True,
R1SR91MJL3HBNF,five_star,5.0,Perfect 👍🏻,"Omggggg 🙀🙀🙀🙀 Amazing product, I love it 😽😽😽😽",Harry OC14th99,Reviewed in the United States on 6 March 2024,True,
R3M9JX6SQBCAEN,five_star,5.0,Very nice toner,"Lovely slippery texture. A little thicker than water, but not as thick as some essences. It does have a pretty noticeable citrus scent, but I really like it and it fades as it dries; I usually avoid fragranced skincare due to a sensitive nose rather than sensitive skin. Dries down non-sticky and makes my oily skin look a little glowy, but not shiny or greasy. Feels mildly soothing.",Sarah C.,Reviewed in the United States on 15 December 2023,True,
R25HKL6OQ8N9EU,five_star,5.0,the best of korean skincare,i love how my skin looks like and feels like after using this toner!!!,simply amazing!!!!,Reviewed in Saudi Arabia on 1 December 2023,True,
R6V327G1WZPGO,five_star,5.0,Absolutely love,Totally love wonder mocchi and their face creams,Sasha V. Grant,Reviewed in the United States on 14 August 2023,True,
R8N507VDEJPAJ,five_star,5.0,I will always come back to this toner,"I've tried many toners in my lifetime because I love experimenting with Korean skincare, but I always find myself coming back to this one. Because there are so many things I love about it, I'll list it in bullet point form!
- The scent is lovely but also not too powerful, it smells almost like earl-grey with a soft citrus undertone
- Packed with ceramides and is therefore very moisturizing
- Milky texture that absorbs quickly and doesn't feel sticky at all

I literally love everything about this product, and the big size is most definitely a bonus. This is my second bottle already and each one has lasted me for while. It's so worth every penny. I always feel like my skin is happy after using this product, and it has a glow to it whenever I apply it. I usually use it right before my face cream, and I can tell that it boosts the moisture of my skin.",Livvy,Reviewed in the United States on 18 July 2023,True,
R270JMH1WGXMV5,five_star,5.0,Absolutely love it,"Bottle is huge, toner is great, very light smell. Moisturizing perfectly, this is my second one.",NatKa,Reviewed in the United States on 22 June 2023,True,
R2DH0J6V37DDLG,five_star,5.0,lovely,this is great stuff. it leaves my face hydrated and glowing. i personally am not sensitive to any fragrance but this does contain lemon oil which might be rough on other’s faces so be cautious of that. for the price and the results you really can’t beat it,hailey,Reviewed in the United States on 21 June 2023,True,
R18IUCL5YJQ3SZ,five_star,5.0,Nice product,Nice toner. I do actually really like it.,Karolina,Reviewed in the United Kingdom on 15 April 2026,True,
R3ARXEDXNDYUQX,five_star,5.0,Star product,"ChatGPT recommended this Toner to help heal my barrier and it's yet to have any negative effects. If I react, I will update this",Tee,Reviewed in the United Kingdom on 27 December 2025,True,
R21VQABH6U5PA4,five_star,5.0,Toner,"Sehr zufrieden, große Menge und hinterlässt einen erfrischten Teint.",Amazon Kunde,Reviewed in Germany on 22 May 2026,True,
RJFJ0QTGYCAAR,five_star,5.0,Toner calmante para la piel,"Producto entregado en tiempo y en buenas condiciones.
Es un toner líquido, yo lo aplico con las manos después de la doble limpieza y antes del serum.
En mi caso se absorbe muy rápido sin dejar sensación grasosa.
No irrita.",Harumi,Reviewed in Mexico on 2 May 2026,True,
R60S00EYH2JME,five_star,5.0,Amazing!!,10/10 definitely recommend this toner it’s amazing!!!,nana,Reviewed in the United States on 2 May 2026,True,
R4L9PFSY1Y2HW,five_star,5.0,TONYMOLY CERAMIDE TONER,"Me encantó este tónico. Es súper ligero, hidrata al instante y deja la piel fresca y suave sin sensación pegajosa. Perfecto para usar mañana y noche.",Raquel Hernández,Reviewed in the United States on 22 April 2026,True,
R13STBIZV4R1T,five_star,5.0,Bester Toner!,"Ich liebe diesen Toner. Milchige Konsistenz, frischer Duft, strahlende Haut! Ich habe bereits zwei neue Flaschen nachgekauft. Wie wieder ohne.",Svenja Seidel,Reviewed in Germany on 19 April 2026,True,
R31GDC74VSD4CL,five_star,5.0,Klare Kaufempfehlung,"Ein herrlich erfrischender und pflegender Toner, den ich vorzugsweise über dem Make up auftrage.",email,Reviewed in Germany on 9 April 2026,True,
RM8CL6F964C7Z,five_star,5.0,WOW ! Der weltbeste Toner,"WOW !!
Das ist wirklich ein mega Toner. Wer trockene Haut hat so wie ich, der braucht unbedingt diesen Toner. Einfach 1-2 Schichten sanft in die Haut einklopfen. Viele machen ja den Fehler und reiben es mit einem Wattepad über das Gesicht. In der Korean skincare wird es aber sanft eingeklopft. Kleiner Tipp wer morgens leicht geschwollene, knittrige Stellen unter den Augen hat : tränke ein wattepad mit dem Toner, halbieren es (vorher am besten noch 5 Minuten in den Kühlschrank legen) und dann unter die Augenpartie legen. Einfach genial",Kati,Reviewed in Germany on 24 March 2026,True,
R19FQ6QDWUZ21E,five_star,5.0,Truly “wonder” flu!,"After using this for a week, I ran to review this product! It is freaking amazing! Creamy, milky and so moisturizing and nourishing… all at a fabulous price! I am so glad I found this product and have added it to my skin care routine, because it really does impart glass skin",Alexandra Neelin,Reviewed in the United States on 16 October 2025,True,
R18ZCKT13KMJQ9,five_star,5.0,Best Skincare Product EVER,"My favorite skincare product. My complexion consistently looks clear, glowing, and healthy. I use this after every wash. A little goes a long way- the price is incredible for the amount you get and the quality of the product. My skin looks 15 years younger after using Wonder for a year.",sbz,Reviewed in the United States on 2 February 2025,True,
R15B2B3CPX3XXR,five_star,5.0,My all time fave,"I absolutely loved the scent, it’s milky with citrusy undertones. The bottle is a great size for its price and it lasts a while and does an amazing job making your skin smooth and soft.",Memory,Reviewed in the United States on 17 December 2022,True,
R1VU0MFTFPTZ00,five_star,5.0,Love love love!,This is by far the best toner that I have ever used on my face. It actually feels like my skin is drinking water. It is not sticky and feels so refreshing. I have actually noticed an improvement in my skin since using this product. The price is great and a bottle lasts for a long time.,lynda kosnik,Reviewed in the United States on 14 July 2022,True,
R193OG1AMVDIOO,five_star,5.0,Great cleanser and reasonably priced,"I’ve tried a lot of toners and this by far is the best. It feels smooth and cleansing as I put it on unlike others that sting and leave a sensation afterwards. It’s great for after bathing, prior to putting on my lotion and etc. Also great for refreshing your face later in the day. I will definitely be buying this product again. Additionally the price is reasonable compared to all others I’ve tried.",Celinda Weir,Reviewed in the United States on 8 April 2021,True,
R35V0Y5QZBV49K,five_star,5.0,Worth the price,"Huge bottle, You get so much for your money!",Jason Nhan,Reviewed in the United States on 19 January 2021,True,
R1G6CY40T1J7D3,five_star,5.0,Lovely!,"Smells great, like sweet, fresh limes. Great price, makes my skin smooth and happy. It’s gentle and just so wonderful. Love this and feel like finally I found my toner!",nicole,Reviewed in the United States on 18 December 2020,True,
R2FV18AIXTP4RF,five_star,5.0,HYDRATING Toner,"HYDRATION is key! I bought this toner because I felt that I had a damaged skin barrier and wanted to restore my skin. I have oily dehydrated skin at the moment, and no amount of moisturizer will keep my oils at bay. I was looking for a hydrating toner that contained Ceramides or Panthenol. This toner not only checked those boxes but also contains Hyaluronic acid (hydration) and Centella Asiatica (soothing effect)! I also like how the ingredient list is not excessively long compared to other formulas.

I have some rosacea spots on my skin and this toner did not sting my cheeks at all, but left my skin plump and hydrated! When I moved my facial muscles, I used to feel a tightness in my skin despite my skin being oily. After using this toner, I no longer feel the tightness in my skin and see less oil production. (I've also been using Krave Beauty products with this, just FYI.) I use the toner in the AM and PM and put 3-4 layers of the toner each time to rescue my skin barrier.

Knowing TonyMoly's brand for a few years now, its cute packaging made me skeptical that this toner would do ""wonders"". Yet lo and behold, I can see this toner being a staple for a while. I live in a desert area near the beach, and this toner has provided me with great hydration. I also see this toner being effective in the winter months when my skin gets even drier. Also, the price point for 500 mL is such a great steal in my opinion!

There is a slight scent, but I really enjoy the fresh, citrus/lemon scent and the smell dissipates quickly. I usually avoid heavily fragranced products, but I had no problems with the scent of this toner. The toner is milky and viscous, but the formula is runny like a liquid and adds to the hydration component this toner offers. Since I currently apply 3-4 layers of this toner at a time due to my damaged skin barrier, I can't say that this toner will sink into your skin immediately after one layer. However, it has helped all my other skincare products absorb better.

When I initially bought it off Amazon, I was skeptical that this toner was not really from TonyMoly. Being the excessive person that I am, I bought this same toner from the official TonyMoly USA site and it's the same packaging as the Amazon one. (Too lazy to post pictures). Take it or leave it, this product is authentic folks!

9/10 recommend this toner if you are looking for hydration with some great ingredients and affordable price point! I think I love the fact that I happened to stumble upon this toner and was surprised by how great it is. I like it so much I secretly don't want other people to know about it.",Amazon Customer,Reviewed in the United States on 9 July 2020,True,
RCRDPW693U6BC,five_star,5.0,As Expected Great,Great Product to use,Bishal,Reviewed in the United Kingdom on 15 January 2026,False,
R2J0ULO07YAA6C,five_star,5.0,Quality,Great product,Na,Reviewed in Germany on 9 March 2026,True,
R1C1LQFFP9XIFQ,five_star,5.0,nice and big,so far I like it a lot. Smell great and it is a very large bottle.,ggxie,Reviewed in Germany on 19 August 2025,True,
R1XFMK5MLO0P1,five_star,5.0,Sunburn lifesaver!,"I accidentally got sunburned on a recent camping trip. Pro tip: if you're using a product with DEET to repel mosquitoes, your SPF will not be effective! I don't normally burn (genetics and sunscreen use) so I didn't have any sunburn care stuff at home. What I did have is this giant bottle of toner. I applied it to everywhere that was burnt (thighs and top of feet) immediately after a shower, and I've been reapplying morning and evening for the last couple days. The heat went out of the burn after the first use. My skin is soft and it seems like I might only peel in a couple spots. Not only is this toner great for its intended use, it works well for after sun care too!",Rachel C.,Reviewed in the United States on 21 June 2025,True,
R13BYU1GTVN3FC,five_star,5.0,Use it as a DIY mask!!,"I found that soaking paper towels and putting the pieces on my face makes a great DIY sheet mask. So I might look crazy for like 20-30 minutes XD, but I swear when I take off my diy sheet mask with this toner
My skin literally feels and looks great— usually my acne/blemishes look less crazy and calm down

Has a cooling sensation— and there’s a super light fragrance maybe?! But doesn’t annoy me or cause any reactions so far.",OutriderJ,Reviewed in the United States on 31 January 2025,True,
R14561198J0T7S,five_star,5.0,Leave skin refreshing,"I been using it every night senseb I purchased it and I start to notice a differences on my skin, feel more clear and smooth. The product is not greasy. Vale for the money is a large bottle. You can tell how it clean your ski, leaving it more smooth. This toner is great!!",mbland,Reviewed in the United States on 29 July 2024,True,
RFP14I2M3WI8,five_star,5.0,Excellent,"A new favorite!
Will buy again and again!
Great product!",La Tasha Cook,Reviewed in the United States on 21 July 2024,True,
R16NQ3RIV6KDCJ,five_star,5.0,Great product,Not disappointed in any bit,Great product,Reviewed in the United States on 1 February 2024,True,
R1HVW8TMLFR4IK,five_star,5.0,Get it now,Great value for the amount you get. It makes my skin barrier healthy and strong. Moisturizing and plumping. Will work for sensitive skin too.,Happydreaming,Reviewed in the United States on 10 December 2023,True,
R12QMJJ2M0E1BU,five_star,5.0,Hydrating and soothing toner,"This toner feels so wonderful on the skin - after I cleanse, I apply this toner immediately to re-introduce hydration to my skin. It is very soothing and hydrating, and acts as a great delivery method for my serums. I have another bottle on deck!",Claire W.,Reviewed in the United States on 30 June 2023,True,
R6VO24463TK07,five_star,5.0,One of the best toners I have ever had.,This toner feels amazing on the skin and absorbs quickly. It is great for sensitive skin and smells great!,Carolyn S,Reviewed in the United States on 15 March 2023,True,
R28MAT7TXI3LLK,five_star,5.0,Great,Such an easy way to add ceramides into my skincare routine,Snaptastic,Reviewed in the United States on 31 July 2022,True,
R14UTNB8PI22DF,five_star,5.0,Great product,"I love this product, makes my skin look glowy! Def I Will buy it again.",Daniela Zavala,Reviewed in the United States on 1 July 2022,True,
R19EMTBJMOHKZG,five_star,5.0,Large bottle of my favorite toner!,"I love this toner so much! It’s a large bottle as well, so it will last a while. It’s a very moisturizing base without feeling sticky or heavy. After layering my skincare my skin looks great!",Lana,Reviewed in the United States on 28 April 2022,True,
R2UGW89L7ULYPA,five_star,5.0,Moisturizes well and gentle on sensitive skin,"As an Asian man with a slightly oily and very sensitive skin, I'm extremely cautious in trying out new products. I get skin irritation from shampoo, soap and alcohol-based skin products if not careful. I got this to replace the MUJI High Moisturizing Toner Water that has disappeared from the stores.

I'm happy to report that this toner is not only safe on my skin, but works great to keep my face moisturized. It has a very subtle citrus scent, which is refreshing but does not linger or irritate the skin later.

Appearance: White and cloudy
Scent: Subtle citrus smell
Quantity: 500ml / 17oz",HariB0y,Reviewed in the United States on 31 March 2022,True,
R1JPU0JV4RRFA,five_star,5.0,Hydration overload!,Love this toner. It is a great value so I use it all over my body. Very hydrating and soothing.,c.l,Reviewed in the United States on 27 February 2022,True,
R2C6NKND03WB2F,five_star,5.0,Great addition to my skin care.,"First and foremost, this is an authentic product. I integrated it in to my nightly routine: water bath, cleanser, mild exfoliate, toner, this item, serum, night moisturizer. I've found it had really helped in keeping my skin healthy looking and soft. I also use it during my morning routine just before I put my day moisturizer on. There's two ways to use it. I use a cotton pad to apply. There's a light, fruity scent that does not stay and as with most TonyMoly products, a little goes a long way. No break outs or rashes experienced. Definitely recommend.",M. Alexis Collins,Reviewed in the United States on 9 July 2021,True,
R1S6KX164482VZ,five_star,5.0,Great,Great product,Brittany,Reviewed in the United States on 17 September 2020,True,
R3GRTKN2VRFP8J,five_star,5.0,Super hydrating! But lightweight,"This product has changed my skin care routine! It’s so hydrating, but lightweight. Easily absorbs into the skin and acts as a great primer for the rest of my skincare to follow. My skin looks so glowy and plump after introducing this product into my routine. Plus the size is amazing! This will last me for a long time.",Stephany C,Reviewed in the United States on 26 August 2020,True,
R16788Z97FI5ES,five_star,5.0,Amazing moisturizing toner!,This toner is extremely hydrating and moisturizing ! It leaves my skin supple and glowing every time I use it. Great to layer with other products. Its like a glass of water for my skin. Love it! Recommend!,Julie Crosley,Reviewed in the United States on 4 August 2020,True,
R1U2262SIWN9C4,five_star,5.0,Great.,Works great,Kindle Customer,Reviewed in the United States on 14 July 2020,True,
R2UH9GHDT7RN9Q,five_star,5.0,Great product and genuine (if sold and fulfilled by Amazon),"Like some of the other reviewers here, I also suspected that the product I received was a fake. The bottle says ""Mochi"" instead of ""Mocchi"" and has a slightly different description. However, I reached out to Tonymoly directly and they assured me that their storefront on Amazon is genuine (email attached), and that there was a recent change to the packaging of the product.",msanjim,Reviewed in the United States on 7 July 2020,True,
R1SGGKZOHC9C8Y,five_star,5.0,Now it's number one tonic for me,Just love it. Will order again. Great smooth moisturizer tonic. Perfect for sensitive skin 👌,Olivia,Reviewed in the United States on 1 April 2020,True,
RTKBGF9QNHRDP,five_star,5.0,This is what heaven smells like,Smells like heaven! Have used half a bottle and will def buy again!,Mez Kyte,Reviewed in the United Kingdom on 5 May 2026,True,
RKIG7DNLE7Y8D,five_star,5.0,Beautiful skin,"I really like this tonic, it leaves my skin very beautiful",Kimberly Velez,Reviewed in the United States on 15 March 2026,True,
R3W3PDVP7YW2V9,five_star,5.0,My favorite ceramide toner,"My absolute favorite toner. I have tried other ceramide toners but I like this one for the texture, smell and how my face feels after.",V,Reviewed in the United States on 5 March 2026,True,
RXS0Z4RD0SKBK,five_star,5.0,My fave toner,"I’ve been using this toner forever now and I can’t tell you how many times I’ve repurchased. It’s very moisturizing and doesn’t feel like it’s stripping my skin when applying it. It has a very faint smell to it, but it’s not overpowering and doesn’t irritate my skin. It has become a staple in my skin care routine and I recommend it to everyone I know!",Savannah,Reviewed in the United States on 22 July 2025,True,
R1E6SCZIZCJLIU,five_star,5.0,My go-to toner,"This toner greatly improved the appearance of my skin. It does not reduce breakouts, but it greatly reduced redness and irritation. It gives you bouncy mochi-like skin as advertised.",Carolina,Reviewed in the United States on 26 January 2025,True,
RE9Z3GA6J9GQ5,five_star,5.0,Healed my skin in less than a week,"The lower half of my face had been flaking off for a little over a month by the time I finally decided to try this. Got the package on Friday night, and by the same time on Sunday, my skin was moisturized, bouncy, and glowing. It also smells like Froot Loops, so that's a bonus.",Caffeine Free Coke Zero,Reviewed in the United States on 3 March 2024,True,
RMJZAZ9M6PJC3,five_star,5.0,I really like it!,"I was in search of an inexpensive yet effective toner, and found this one from TONYMOLY. I'm impressed with how moisturized my skin feels after using, especially paired with snail mucin!. The consistency is thicker than water, but absorbs really well, and I don't notice a smell.",K. M. Brooks,Reviewed in the United States on 20 February 2024,True,
R37WIDI2B11M7W,five_star,5.0,MUST BUY!!!,This toner is the best!! Immediate hydration after applying skin looking like glass definitely will be re-purchasing!!,yazmine,Reviewed in the United States on 14 July 2023,True,
R1FZYLVEQ4GCFN,five_star,5.0,A little bit goes a long way,This product works wonders if you apply it to your face with your hands and not soak a cottonball like the directions want. One whole bottle will last a long while.,Shannon,Reviewed in the United States on 7 April 2023,True,
R2JTRZIL3DSEQW,five_star,5.0,Ceramide,"First of all, it lasts like 18 months if not more. It’s incredibly calming and leaves your skin silky. Super gentle but also a nice way to prime skin for makeup primer.",GCS18,Reviewed in the United States on 16 March 2023,True,
R3CZRFY5ET4NZX,five_star,5.0,banger product. absolutely baller,this stuff goes crazy. doesn’t irritate my sensitive skin or my sensory issues!!! i look in the mirror and poke my cheeks throughout the day idk i look cute and skin looks bouncy n glowy ☺️ i wish they would make a trial size though like i can’t take her anywhere she’s bigger than my water bottle 😭,Skymelon,Reviewed in the United States on 13 March 2023,True,
R1EI7PDVBHHYWF,five_star,5.0,Holy grail product right here,IT WORKS!!! Like pretty much instantly…first time I’ve ever had skin this hydrated and bouncy,Chloola,Reviewed in the United States on 30 November 2022,True,
R3XXQS87YE879,five_star,5.0,True Love ❤️,"I love this toner, so moisturizing and smells kinda like fruit loops to me. I love it",Kvngnia,Reviewed in the United States on 3 May 2022,True,
R1C6PRBU2M6TC1,five_star,5.0,It kinda smells like fruit loops but I love that. Best toner I've had.,This product helped even out my skin tone and calm my acne down by focusing on moisture.,Kendra,Reviewed in the United States on 7 November 2021,True,
R3F1WHQGFF6TUG,five_star,5.0,"I have eczema it helps, its amazing honestly. Just use like it says.","It works wonders for me. Sometimes, but really honestly only because everything else in my routine is on point finally, I only need to use this before I go to bed, in the morning before moisturizer, and about twice a week I cut a cotton round in half get it soaked in the stuff, and use it for dark circle help. It helps a ton. I dont think you can go wrong with this, i have eczema and it helps that too when it acts up.",haley,Reviewed in the United States on 21 March 2020,True,
R2UGJCGK7E4TLT,five_star,5.0,Effective Hydrating Ceramide Toner,"I really like this hydrating toner. It works just as well as the Kikumasamune and without the abusive horse placenta (see my review there for how it's impossible for it not to be abusive). I am absolutely relieved I was able to find a large and cost-effective ceramide toner like this. My skin feels fantastic, and is not missing the ferments at all, so I'm happy.

Looking forward to a long relationship with Tony Moly!",Tulipsaki,Reviewed in the United States on 16 February 2020,True,
R2TZ5OUUG1EYHP,five_star,5.0,Big Bottle,Was skeptical at first I have sensitive skin my skin loves this toner you get so much bang for your buck I've only used 3/4 of this toner it's been a month I use it day and night my skin is so soft so bouncy it works well with other serums I will repurchase again,Latonya,Reviewed in the United States on 19 January 2023,True,
R29TP1BD7NOBKS,five_star,5.0,Holy Grail!,"I have been using this everyday and I have noticed a difference in my skin. It is moisturized, plump and my skin looks amazing. The scent is sweet and doesn’t sting the skin at all. I have very sensitive skin, rosacea and dermatitis when i spend too much time outside! I would highly recommend this to anyone looking to add a step to their routine to clean the skin before moisturizing.",Danielle Deep,Reviewed in the United States on 17 December 2022,True,
R2LI6XLLCAUPHV,five_star,5.0,Amazing for sensitive skin,"I use this as my everyday toner and for people with sensitive skin, this is the best! 100% recommend. It protects the skin barrier and your skin looks soo healthy.",Afrida Nawar Jaman,Reviewed in the United States on 5 July 2022,True,
R4WJGDSAXAPKZ,five_star,5.0,Do yourself a favor and order this today!,"Got a sample of this and was so impressed I had to get a full size bottle! Smells amazing, makes my skin super smooth and soft and glowing. I’m in my late 40‘s and my skin looks radiant and feels so clean. Absolutely recommend this!",coesiearl75,Reviewed in the United States on 14 September 2024,True,
R3C58L2AVOAK48,five_star,5.0,The most fabulous and soothing skin toner,"I absolutely adore this toner. I'm middle-age and I have suffered with rosacea my entire life. I use this toner twice a day, once in the morning under my makeup and once in the evening before my retinol treatments. Recently I put it into a roller ball bottle for quick and easy application and I absolutely adore it. It is so soothing and my skin has never looked better.",Red Herring,Reviewed in the United States on 3 August 2024,True,
RL1XW2FTWQCWO,five_star,5.0,Best toner on the market!,"Not only does this smell amazing, but it’ll make your skin FEEL amazing. I’m on my second bottle and it’s become my holy grail. Skin feels moisturized and glows after incorporating this into my routine.",Love Emz,Reviewed in the United States on 13 January 2024,True,
R3HAI36MMB7444,five_star,5.0,Love this toner!,I’ve been using this for a year now. Feels nice on the skin and very moisturizing. Scent is different than my last bottle; not bad just different. I preferred the original scent. Large bottle lasts a long time. Will repurchase!,littlepaws,Reviewed in the United States on 27 March 2023,True,
R2CFPZ2FX17FUL,five_star,5.0,Very Moisturizing,First TonyMoly toner... it's a amazing! My skin loves it and drinks it right up. No scent. Huge bottle.,SweetOne2015,Reviewed in the United States on 4 January 2021,True,
R1PSJZCBHMMF7Y,five_star,5.0,Become an Owner of this Toner,"My skin has improved since using this toner. I never used Toners before and glad I tried this one. I use it after cleansing, tone, than use my loreal serum followed by eye cream ending with a face cream. People have commented on how they barely see wrinkles on my face. I am over 60.",E.T. in the crest,Reviewed in the United States on 22 January 2026,True,
R2M9904IJ5L728,five_star,5.0,10/10,This helped be with my acne so much. My face flattened with in a week and a half.,Tea,Reviewed in the United States on 16 May 2023,True,
R3LAVTT0J1G5VS,five_star,5.0,Love it,"I use it on my face, under my arms and sprayed over my whole body. No complaints. It’s cooling, moisturising, firming, and inhibits sweat. Will definitely buy again.",Asa,Reviewed in the United States on 18 March 2023,True,
R3AXBT275UXC0N,five_star,5.0,My holy grail,"I've been struggling with acne for YEARS I started using this about 3 months ago and my acne,acne scars,dark marks and redness has been going away and it makes my face feel moisturized and has a nice scent and it's light weight this is the best toner in the world!!!",Breezy,Reviewed in the United States on 10 September 2022,True,
R15CGUWWHRQS4T,five_star,5.0,Required step two in skin care routine,I learned from my Asian beauty research to not just use Actives without moisturizing skin after cleansing and again after serums and actives. This extremely lightweight watery moisture miracle perfectly preps my skin after cleansing to continue with my more powerful products. All my actives are performing one hundred times better since making changes to my routine including using this incredible essence/toner on my face and neck as step two. Game changer.,Anne,Reviewed in the United States on 11 August 2022,True,
R1UA7MJVIIQDNC,five_star,5.0,Works wonders!,I started using this product about a month ago and it has transformed my skin. It added so much moisture back into my face. My only regret is I wish I would have started using it years ago.,LT Holmes,Reviewed in the United States on 9 May 2022,True,
R2TB9E2IMRL1J,five_star,5.0,Love this product,"Non scented, moisturizing… feels nice layering it on your face after a hot shower.",Cheen Mo,Reviewed in the United States on 30 June 2021,True,
R300ODGLKHTJ0H,five_star,5.0,The one thing I’d bring with me on a desert island,"This is the most milky, soft, smooth and satisfying toner EVER. If I was on a desert island and I could only bring two things, this toner would be one of them.

I have combination skin and get acne mostly on my chin. No breakout issues or anything while using this product. This toner is so freaking hydrating & yummy on my face. Aghhh I love it!!",isabella,Reviewed in the United States on 16 April 2021,True,
R23S7GASHLSTE3,five_star,5.0,Love this toner!,"I ran out of this toner and couldn't visit a physical store to purchase so I opted for Amazon. I was struggling with mean, painful maskne from the lack of moisture and irritation the maks were causing me and this toner help a lot! I applied 2-3 layers of toner on clean skin in the morning and night. Also after work, when I got home I would grab a cotton round soaked in the toner and wipe my face with it to get the day's grime off. Within a few days, maskne was no longer painful and blistering. A month later and all the maskne and irritation are gone.

TIP for maskne! --> Maskne can be caused by the stripping of moisture from the face due to the material in the mask, so amp up the moisture level by double or triple than normal and you will see a difference. :)",RedPanda.KG,Reviewed in the United States on 23 December 2020,True,
R1VXHHRDS2QX7A,five_star,5.0,Very nice worth of money product,Very nice product keep on repurchasing,Not so good waste of money.... according to the price it is too less quality.,Reviewed in the United Kingdom on 20 July 2025,True,
R7LOZZDQ45K05,five_star,5.0,Beautiful Toner,This toner deserves its high rating. It feels so nice on the skin and has made my skin so soft with regular use. I combine this with a fermented toner and my skin is looking amaznig. I also appreciate how much product you get and for under $20 when it's on sale. 11/10,Morgan F.,Reviewed in the United States on 28 March 2025,True,
R64A87M4EB9JN,five_star,5.0,Creamy Toner - Super Nice,My go to toner/essence. Leaves me glowing. I use this everyday with my serums.,Laura,Reviewed in the United States on 24 January 2025,True,
R2HMWP48NLT4SF,five_star,5.0,Big container,"You get a lot of bang for your buck with this huge container. There is a slight scent but just smells clean, not perfumey. It nicely absorbs into skin.",Happy Customer,Reviewed in the United States on 27 September 2022,True,
R10KPSKM2S75HT,five_star,5.0,Love it!,Nice addition to my skincare routine!,H.T.,Reviewed in the United States on 2 September 2021,True,
R1DWEFG5974B4B,five_star,5.0,Nice,It's really nice so far. It makes my skin look so smooth and nice after I use it. Head up though I didn't really how big this thing was! It's literally a half liter!,Linda Z.,Reviewed in the United States on 20 July 2020,True,
R3JOOCICJCC7CL,five_star,5.0,Softer and cleaner skin!,I have had the toughest time finding a quality toner and this finally met my standards. Applying it feels so refreshing and leaves your skin feeling clean. My skin has noticeably gotten less textured and I’m excited to keep using it,Kendall Moore,Reviewed in the United States on 10 May 2024,True,
R3VT8KFRK7GWKQ,five_star,5.0,100000% YES,"I usually use a ceramide cream but they are so heavy. This restores my skin with a light finish. Apply directly with your hands 🙌🏼 Also, mixes well with my ceramide cream so it applies better. My skin feels incredible",Courtney Wroubel,Reviewed in the United States on 8 April 2023,True,
R22N02HXRVKAAQ,five_star,5.0,Whoa! Amazing!,Mochi is a very fitting description for the way this makes your skin feel! It's so hydrating and makes my skin feel luscious and soft! It has no scent and has a bit of viscosity to it. A hack I learned is to do 3 layers of toner and it has really helped keep my skin hydrated.,queen phee,Reviewed in the United States on 14 March 2023,True,
R36YLHIM4E2VJ9,five_star,5.0,Holy Grail!,I can't believe I haven't tried this before! I could feel the effects after 1 use. In just 1 week my skin feels so much smoother hydrated.,Rochelle Harrington,Reviewed in the United States on 1 February 2023,True,
R1PC9U5UY8HH57,five_star,5.0,Favorite Toner,I absolutely love this toner! It absolutely moisturizes your skin. It feels lovely and makes your skin glow.,Kimmy Van Atten,Reviewed in the United States on 31 July 2021,True,
R1NCN126PIB264,five_star,5.0,Best Ever,Beautiful and giving me the youthful glow,franknelly Durosaro,Reviewed in the United Kingdom on 5 November 2025,True,One person found this helpful
RXLO51CB6YI14,five_star,5.0,Einer der Besten,"Spendet unheimlich viel Feuchtigkeit, riecht leicht zitrisch, klebt nicht und macht die Haut geschmeidig. Für den Preis bekommt man sehr viel Produkt, dass man auch locker für DIY-Tuch-Masken verwenden kann.",ivonne leube,Reviewed in Germany on 31 August 2025,True,
R1J2ODZETSNUYU,five_star,5.0,The best toner,This is the best toner for every skin type. I have used this since 2024 and I cannot use any other brand's.,Sun,Reviewed in the United States on 22 March 2025,True,
R1O9XA1O4W4DLU,five_star,5.0,One of the best!,Works!,dell,Reviewed in the United States on 15 January 2025,True,
R1UA2RMQZ7E6FP,five_star,5.0,Best product to achieve glass skin,"Lightweight and non-sticky, they absorb quickly, leaving the skin balanced and prepped for the next skincare step. Ideal for daily use, they’re effective yet gentle, making them a staple for K-beauty fans.",Monika,Reviewed in the United States on 23 December 2024,True,
R27A7FC76N2PTO,five_star,5.0,Best toner ever! 😍,Just buy it! It's even safe during pregnancy!,tracy,Reviewed in the United States on 8 May 2024,True,
R1TSAG90PAS4IE,five_star,5.0,one of the best skincare products i have ever used,Headline says it all. this is just the best in every way,enthusiastic,Reviewed in the United States on 25 June 2023,True,
R2A27UZAA9BS8J,five_star,5.0,Best toner I’ve ever purchased.,Love this stuff! Makes my skin soft and glowing.,Chee Love,Reviewed in the United States on 14 September 2020,True,
R15N2Y6XLSFPP5,five_star,5.0,Repairs skin,Amazing toner,Gaurav,Reviewed in Germany on 21 January 2026,True,
R2X2UB7SXL0LNL,five_star,5.0,Toner,Just amazing,Greeshma Johnson,Reviewed in Germany on 27 November 2025,True,
R2IGFSRJN4ZGIN,five_star,5.0,One of my must haves!!,"This is amazing for your skin and if you pair this with the illiyoon ceramide concentrate cream while having a damaged skin barrier, it will literally help overnight. I'm sticking to this forever!! Works for oily skin as well :)",Steph,Reviewed in the United States on 1 December 2024,True,
R3UGJ15560F5BQ,five_star,5.0,Amazing product,My skin has never looked better. Will be a permanent skin care routine step from now on....I only wish I had a before pic,Someone,Reviewed in the United States on 16 August 2024,True,
R25CZB3LK9DO3G,five_star,5.0,Replenishes moisture barrier,Honestly this product is amazing! I was looking for a toner that hydrates my skin and this is perfect. It helps strengthen my skin barrier! when i break out my skin heals faster since I started using this product.,sev,Reviewed in the United States on 7 September 2022,True,
R1TC709I40UJMY,five_star,5.0,amazing,i have eczema and it doesn’t irritate my skin at all! i love it so much and my skin has cleared,Angelica Acevedo,Reviewed in the United States on 29 June 2022,True,
R2TRXPQUGGZUC2,five_star,5.0,Tony Moly cerimide mocchi toner,"Tony Moly never disappoint. And they did it again with this toner. I'm a 30 something woman who finally realized I need to start taking better care of my skin. And this toner is amazing. It's thicker than most toner and goes on smooth and is very moisturizing. Even my teenage daughter, who is very picky about what she uses, loves it.",Angie,Reviewed in the United States on 18 May 2020,True,
R2NMCEJP4MAXO3,five_star,5.0,Wow!,I have noticed a major difference in my skin using this toner for 3 weeks. I love the light citrus smell. I started out using lightly and now I can’t put enough on each time. It’s has helped with dehydration and acne so much. I’m hooked!,Nicole,Reviewed in the United States on 23 July 2021,True,
RW42S8AIM9QAE,five_star,5.0,Wonderful,Makes my skin soft,Vicki,Reviewed in the United States on 20 December 2023,True,
R1WJE59U2SIJ7N,five_star,5.0,10/10,"Me encanta la sensación que deja en la piel, literal es como mochi. Muy hidratada, limpia y fresca. No falta en mi rutina de todos los días. Recomendado y 100% original.",Fanny,Reviewed in Mexico on 1 May 2026,True,
RI3OJHPBLJU72,five_star,5.0,Tony Moly Mochi Toner,"Sehr gute Verträglichkeit, pflegt die Haut, vielfältige Anwendungsmöglichkeiten (als Maske, mit Pad, pur)",Anonym,Reviewed in Germany on 22 June 2025,True,
RAP7BD447JE8I,five_star,5.0,Mochi magic,Magic to my skin! ✨,LeE,Reviewed in the United States on 21 February 2022,True,
RYVGW8I4IPMM3,five_star,5.0,"CÓMPRENLO, ESTE PRODUCTO SALVO MI PIEL.","Tengo piel grasa con tendencia al acné debido a un desajuste hormonal, a veces tengo los poros muy dilatados o la piel sensible.
No me gustan los aromas en los productos de la piel y este tónico no huele a nada, lo que lo hace muy cómodo para mi.
Llevo un par de semanas usándolo y me salvo, mis brotes se calmaron, mi piel ya no produce tanta grasa y me cierra mis poros.

Después de aplico el gel de aloe de la misma marca y luego aplico agua de rosas, es todo y santo remedio!

Espero mi reseña les ayude. Pero el producto me tiene muy contenta.

Gracias TonyMoly ✨",Haru ⭐️,Reviewed in Mexico on 24 February 2026,True,
R2E3344C1F9WIT,five_star,5.0,El mejor.,"Es un producto increíble, me restauró la barrera de mi piel, ahora luce con mejor aspecto, hasta la textura me disminuyó y me deja con un glow natural, se ve muy sana, lo volvería a comprar sin duda, además de que tiene un olor sutil super rico. 10/10.",Alondra Oyuki,Reviewed in Mexico on 15 February 2025,True,
